<?xml version='1.0'?>
<home version='5500' exportFlags='17' name='PlantabajaAusilioteca9.sh3d' camera='observerCamera' wallHeight='250.0'>
  <environment groundColor='00A8A8A8' skyColor='00CCE4FC' lightColor='00D0D0D0'>
    <observerCamera attribute='cameraPath' lens='PINHOLE' x='5155.3267' y='351.02954' z='10000.0' yaw='-6.1344824' pitch='0.8807963' fieldOfView='1.5707964' time='1531396800000'/>
    <observerCamera attribute='cameraPath' lens='PINHOLE' x='5119.6753' y='903.6349' z='10000.0' yaw='-6.1344824' pitch='0.8807963' fieldOfView='1.5707964' time='1531396800000'/>
    <observerCamera attribute='cameraPath' lens='PINHOLE' x='5119.6753' y='903.6349' z='10000.0' yaw='-5.0418715' pitch='0.8807963' fieldOfView='1.5707964' time='1531396800000'/>
    <observerCamera attribute='cameraPath' lens='PINHOLE' x='5119.6753' y='903.6349' z='10000.0' yaw='-7.4418807' pitch='0.8807963' fieldOfView='1.5707964' time='1531396800000'/>
  </environment>
  <observerCamera attribute='observerCamera' lens='PINHOLE' x='558.212' y='6456.7803' z='10.0' yaw='-7.8752418' pitch='-0.18079662' fieldOfView='1.5707964' time='1531396800000'/>
  <camera attribute='topCamera' lens='PINHOLE' x='-11378.576' y='11060.666' z='13531.242' yaw='73.58741' pitch='0.67999965' fieldOfView='1.0995575' time='1531396800000'/>
  <observerCamera attribute='storedCamera' name='aire3' lens='PINHOLE' x='5155.3267' y='351.02954' z='10000.0' yaw='-6.1344824' pitch='0.8807963' fieldOfView='1.5707964' time='1531396800000'/>
  <observerCamera attribute='storedCamera' name='aire2' lens='PINHOLE' x='-1957.241' y='7196.206' z='10000.0' yaw='-7.884008' pitch='0.8807963' fieldOfView='1.5707964' time='1531396800000'/>
  <camera attribute='storedCamera' name='aire' lens='PINHOLE' x='-11378.576' y='11060.666' z='13531.242' yaw='73.58741' pitch='0.67999965' fieldOfView='1.0995575' time='1531396800000'/>
  <observerCamera attribute='storedCamera' name='puerta principal 160' lens='PINHOLE' x='-273.84717' y='7320.3438' z='1600.0' yaw='-7.9866886' pitch='0.010796609' fieldOfView='1.5707964' time='1531396800000'/>
  <observerCamera attribute='storedCamera' name='puerta principal silla' lens='PINHOLE' x='-273.84717' y='7320.3438' z='1000.0' yaw='-7.9866886' pitch='0.010796609' fieldOfView='1.5707964' time='1531396800000'/>
  <observerCamera attribute='storedCamera' name='Entrada baño' lens='PINHOLE' x='3518.2153' y='7437.9277' z='1600.0' yaw='-8.295855' pitch='0.010796609' fieldOfView='1.5707964' time='1531396800000'/>
  <observerCamera attribute='storedCamera' name='Entrada cocina' lens='PINHOLE' x='2318.7559' y='7042.839' z='1600.0' yaw='-5.91503' pitch='0.18579662' fieldOfView='1.5707964' time='1531396800000'/>
  <observerCamera attribute='storedCamera' name='puerta principal' lens='PINHOLE' x='154.58594' y='7146.5654' z='157.45898' yaw='-7.8717017' pitch='1.5707964' fieldOfView='1.5707964' time='1531396800000'/>
  <camera attribute='storedCamera' name='puerta entrada' lens='PINHOLE' x='-6675.641' y='7210.297' z='1426.5419' yaw='48.705368' pitch='0.024999999' fieldOfView='1.0995575' time='1531396800000'/>
  <camera attribute='storedCamera' name='24/07/18 12:32:33' lens='PINHOLE' x='-6642.7007' y='7104.986' z='2130.4436' yaw='48.72048' pitch='0.12500001' fieldOfView='1.0995575' time='1531396800000'/>
  <doorOrWindow catalogId='eTeks#fixedWindow85x123' name='Ventana fija' creator='eTeks' model='2' x='291.6162' y='9362.998' elevation='507.2539' angle='0.03208542' width='28.410156' widthInPlan='28.410154' depth='965.8633' depthInPlan='965.8632' height='0.1' heightInPlan='0.10000001' modelSize='2198' movable='false' cutOutShape='M0,0 v1 h1 v-1 z' wallCutOutOnBothSides='true'/>
  <pieceOfFurniture catalogId='eTeks#texturableBox' name='Caja' creator='eTeks' model='4/texturableBox.obj' x='3721.4668' y='8993.311' width='100.0' depth='455.5' depthInPlan='455.49997' height='100.0' modelSize='1661'/>
  <doorOrWindow catalogId='eTeks#window85x163' name='Ventana' creator='eTeks' model='6' x='11409.229' y='10108.992' elevation='400.0' angle='1.5585773' width='708.1414' depth='174.9762' height='800.0' modelSize='9576' movable='false' cutOutShape='M0,0 v1 h1 v-1 z' wallCutOutOnBothSides='true'>
    <texture name='Madera rojiza' creator='Scopia' catalogId='eTeksScopia#wood' width='60.0' height='120.0' image='7'/>
  </doorOrWindow>
  <pieceOfFurniture catalogId='eTeks#texturableBox' name='Caja' creator='eTeks' model='4/texturableBox.obj' x='9905.548' y='5614.493' angle='1.620745' width='100.0' depth='455.5' depthInPlan='455.49997' height='190.31445' modelSize='1661'/>
  <pieceOfFurniture catalogId='eTeks#shower' name='Plato de ducha' creator='eTeks' model='9' x='4380.575' y='8572.714' angle='0.04740095' width='900.0' depth='906.2' height='1400.0' modelSize='21504' movable='false'/>
  <pieceOfFurniture catalogId='eTeks#slidingDoors' name='Puertas correderas' creator='eTeks' model='11' x='10298.531' y='6492.277' angle='3.747959' width='2646.883' widthInPlan='2646.8835' depth='179.74101' depthInPlan='179.74103' height='2000.0' modelSize='6651' movable='false'/>
  <pieceOfFurniture catalogId='eTeks#sink' name='Fregadero' creator='eTeks' model='13' x='2013.8169' y='12707.445' elevation='300.0' angle='3.215108' width='3149.7542' depth='747.8931' height='300.0' color='FF8C8C8C' modelSize='41015' movable='false'/>
  <pieceOfFurniture catalogId='eTeks#kitchenCabinet' name='Mueble cocina' creator='eTeks' model='15' x='3479.592' y='9145.43' elevation='250.0' angle='0.040304184' width='701.50934' depth='2091.325' depthInPlan='2091.3247' height='1700.0' color='FF00379C' modelSize='10991' movable='false'/>
  <pieceOfFurniture catalogId='eTeks#cooker' name='Cocina' creator='eTeks' model='17' x='3406.852' y='11290.096' elevation='400.0' angle='0.05093336' width='714.64136' depth='2354.895' height='150.0' shininess='0.5' modelSize='42356'/>
  <pieceOfFurniture catalogId='eTeks#armchair' name='Sillón' creator='eTeks' model='19' x='1117.6006' y='4445.092' angle='4.717264' width='2327.691' depth='1131.4463' height='1000.0' color='FF061A00' modelSize='104093'/>
  <pieceOfFurniture catalogId='eTeks#plant' name='Planta' creator='eTeks' model='21' x='865.70264' y='3010.9998' width='766.5927' depth='529.697' height='900.0' modelSize='113183'/>
  <doorOrWindow catalogId='eTeks#serviceHatch' name='Agujero en la pared' creator='eTeks' model='23' x='361.7922' y='7285.712' angle='1.6049494' width='967.53906' depth='170.0' height='2500.0' modelSize='2316' movable='false' cutOutShape='M0,0 v1 h1 v-1 z'/>
  <doorOrWindow catalogId='eTeks#window85x163' name='Ventana' creator='eTeks' model='6' x='419.0547' y='5958.073' elevation='650.0' angle='1.5715972' width='950.0' depth='218.0' height='1500.0' color='FF954600' modelSize='9576' movable='false' cutOutShape='M0,0 v1 h1 v-1 z' wallCutOutOnBothSides='true'/>
  <doorOrWindow catalogId='eTeks#serviceHatch' name='Agujero en la pared' creator='eTeks' model='23' x='2451.3694' y='7932.0977' angle='3.1664495' width='1100.0' depth='150.0' height='2400.0' modelSize='2316' movable='false' cutOutShape='M0,0 v1 h1 v-1 z'/>
  <doorOrWindow catalogId='eTeks#serviceHatch' name='Agujero en la pared' creator='eTeks' model='23' x='5822.711' y='8055.793' angle='3.1664495' width='967.53906' depth='150.0' height='2400.0' modelSize='2316' movable='false' cutOutShape='M0,0 v1 h1 v-1 z'/>
  <doorOrWindow catalogId='eTeks#serviceHatch' name='Agujero en la pared' creator='eTeks' model='23' x='7628.457' y='7235.1416' angle='5.536201' width='1100.0' depth='150.0' height='2400.0' modelSize='2316' movable='false' cutOutShape='M0,0 v1 h1 v-1 z'/>
  <doorOrWindow catalogId='eTeks#serviceHatch' name='Agujero en la pared' creator='eTeks' model='23' x='7650.297' y='6311.791' angle='0.7877451' width='1100.0' depth='150.0' height='2400.0' modelSize='2316' movable='false' cutOutShape='M0,0 v1 h1 v-1 z'/>
  <doorOrWindow catalogId='eTeks#serviceHatch' name='Agujero en la pared' creator='eTeks' model='23' x='7739.7324' y='3065.7969' angle='0.01796937' width='1239.4011' depth='213.5801' depthInPlan='213.58011' height='2500.0' modelSize='2316' movable='false' cutOutShape='M0,0 v1 h1 v-1 z'/>
  <pieceOfFurniture catalogId='eTeks#staircase' name='Escalera' creator='eTeks' model='25' x='4960.346' y='3675.685' angle='3.1335788' width='1306.3096' depth='3763.642' height='3000.0' modelSize='13928' movable='false' staircaseCutOutShape='M0,0 v1 h1 v-1 z'/>
  <pieceOfFurniture catalogId='Icybones#meubleMural' name='Estanteria' creator='Icybones' model='27' x='3766.3564' y='4301.4263' angle='1.5952588' width='2982.3743' depth='562.3266' height='2200.0' color='FF4B3300' modelSize='74733'/>
  <pieceOfFurniture catalogId='Blend Swap CC-BY#radiatorAndTowels' name='Radiador toallero' creator='Gianmariaveronese' model='29/radiatorAndTowels.obj' x='6823.609' y='9861.296' angle='4.718733' width='582.7832' depth='300.0' height='1400.0' color='FFECECEC' modelSize='898563'/>
  <furnitureGroup name='Grupo -1-' x='-833.04913' y='9856.319' angle='0.004670739' width='610.0' depth='690.3076' height='1100.0'>
    <pieceOfFurniture catalogId='Blend Swap CC-BY#wheelchair' name='Silla de ruedas' creator='Bgamage' model='31/wheelchair.obj' x='-832.6758' y='9776.376' angle='0.0046715736' width='609.9996' depth='530.41876' height='1000.0' modelSize='2280184'/>
    <pieceOfFurniture name='girlSittingTable' model='33/girlSittingTable.obj' x='-846.3319' y='9904.677' angle='6.267139' width='288.08322' depth='587.6275' height='1100.0' modelSize='1219518'/>
  </furnitureGroup>
  <doorOrWindow catalogId='eTeks#serviceHatch' name='Agujero en la pared' creator='eTeks' model='23' x='3903.9343' y='7531.3403' angle='4.779894' width='1100.0' depth='150.0' height='2400.0' shininess='0.0' modelSize='2316' movable='false' cutOutShape='M0,0 v1 h1 v-1 z'/>
  <pieceOfFurniture catalogId='Scopia#cardboard-box' name='Caja de cartón' creator='Scopia' model='35/cardboard-box.obj' x='3808.0576' y='4164.4077' width='346.8086' depth='472.71362' depthInPlan='472.71368' height='30.0' modelSize='90876'/>
  <pieceOfFurniture catalogId='eTeks#flatTV' name='TV Plana' creator='eTeks' model='37' x='3640.212' y='4616.7847' elevation='400.0' angle='1.556273' width='900.0' depth='300.0' height='600.0' color='FF1D0700' shininess='0.5' modelSize='13041'/>
  <pieceOfFurniture catalogId='Blend Swap CC-0#iphone' name='iPhone' creator='Bheema' model='39/iphone.obj' x='3830.6626' y='3710.653' elevation='430.0' width='83.04419' widthInPlan='83.04418' depth='268.97852' height='0.9' modelRotation='1 0 0 0 0 1 0 -1 0' modelSize='69053'/>
  <pieceOfFurniture catalogId='Blend Swap CC-0#iphone' name='iPhone' creator='Bheema' model='39/iphone.obj' x='3749.1125' y='5490.0894' elevation='430.0' angle='1.5677973' width='0.1' widthInPlan='0.099999994' depth='217.4834' depthInPlan='217.48341' height='0.9' modelRotation='1 0 0 0 0 1 0 -1 0' modelSize='69053'/>
  <pieceOfFurniture catalogId='Puybaret#AntelopeCanyonFrame' name='Cuadro Antelope Canyon' creator='Emmanuel Puybaret' model='41/AntelopeCanyonFrame.obj' x='3815.8372' y='6401.73' elevation='1700.0' angle='1.622541' width='300.0' depth='10.0' height='500.0' modelSize='21235'/>
  <pieceOfFurniture catalogId='Sheep#prise' name='Enchufe' creator='Sheep' model='43' x='3874.879' y='6767.9995' elevation='50.0' angle='1.6247104' width='140.0' depth='10.0' height='140.0' shininess='0.0' modelSize='63172' movable='false'/>
  <pieceOfFurniture catalogId='Sheep#interrupteur' name='Interruptor' creator='Sheep' model='45' x='3903.161' y='6098.389' elevation='700.0' angle='1.6120709' width='163.31091' widthInPlan='163.3109' depth='13.9929905' height='150.0' shininess='0.5' modelSize='2500' movable='false'/>
  <pieceOfFurniture catalogId='Sheep#interrupteur' name='Interruptor' creator='Sheep' model='45' x='3895.193' y='6291.3223' elevation='700.0' angle='1.6120709' width='163.31091' depth='13.9929905' height='150.0' shininess='0.5' modelSize='2500' movable='false'/>
  <pieceOfFurniture catalogId='Sheep#interrupteur' name='Interruptor' creator='Sheep' model='45' x='3891.2578' y='6489.766' elevation='700.0' angle='1.6120709' width='163.31091' depth='13.9929905' height='150.0' shininess='0.5' modelSize='2500' movable='false'/>
  <pieceOfFurniture catalogId='Sheep#interrupteur' name='Interruptor' creator='Sheep' model='45' x='3882.6086' y='6693.205' elevation='700.0' angle='1.6120709' width='163.31091' depth='13.9929905' height='150.0' shininess='0.5' modelSize='2500' movable='false'/>
  <pieceOfFurniture catalogId='Sheep#interrupteur' name='Interruptor' creator='Sheep' model='45' x='3909.8997' y='5902.2603' elevation='700.0' angle='1.6120709' width='163.31091' depth='13.9929905' height='150.0' shininess='0.5' modelSize='2500' movable='false'/>
  <pieceOfFurniture catalogId='OlaKristianHoff#office_desk' name='Mesa de escritorio' creator='Ola-Kristian Hoff' model='47/office_desk.obj' x='5097.988' y='7812.3975' angle='3.1844234' width='360.0' depth='320.0' height='400.0' modelSize='6202'/>
  <pieceOfFurniture catalogId='Pastierovic#cabinet' name='Armario gris' creator='Robert Pastierovic' model='49' x='491.66254' y='10188.481' angle='4.7749314' width='985.0338' widthInPlan='985.03375' depth='484.0549' height='800.0' color='FF00379C' modelSize='6487'/>
  <pieceOfFurniture catalogId='Pastierovic#cabinet' name='Armario gris' creator='Robert Pastierovic' model='49' x='316.81302' y='11745.894' elevation='500.0' angle='4.7849627' width='2244.3816' depth='551.0151' height='80.0' color='FF00379C' modelSize='6487'/>
  <pieceOfFurniture catalogId='Icybones#tableCuisine2' name='Mesa' creator='Icybones' model='51/tableCuisine2.obj' x='571.4164' y='8873.368' width='512.7351' depth='925.89453' height='600.0' modelSize='235513'/>
  <pieceOfFurniture catalogId='Scopia#white_kitchen_chair' name='Silla' creator='Scopia' model='53/white_kitchen_chair.obj' x='522.75134' y='8317.4' angle='5.631838' width='200.0' widthInPlan='199.99995' depth='300.0' height='600.0' modelSize='244041'/>
  <pieceOfFurniture catalogId='Scopia#white_kitchen_chair' name='Silla' creator='Scopia' model='53/white_kitchen_chair.obj' x='705.8109' y='9362.342' angle='3.5844' width='200.0' widthInPlan='199.99995' depth='300.0' depthInPlan='300.00003' height='600.0' modelSize='244041'/>
  <pieceOfFurniture catalogId='Blend Swap CC-BY#espressokettle' name='Cafetera' creator='Krabz' model='55/espressokettle.obj' x='608.7967' y='9093.285' elevation='600.0' width='80.0' depth='80.0' height='200.0' modelSize='1045578'/>
  <pieceOfFurniture catalogId='Blend Swap CC-BY#smallOven' name='Microondas' creator='WalidMeskinyar' model='57/smallOven.obj' x='384.739' y='10086.974' elevation='780.0' angle='4.711406' width='515.9258' widthInPlan='515.92596' depth='515.97125' height='300.0' modelSize='1175183'/>
  <pieceOfFurniture catalogId='Pastierovic#cabinet' name='Armario gris' creator='Robert Pastierovic' model='49' x='330.755' y='10123.981' angle='4.7749314' width='985.0338' widthInPlan='985.03375' depth='484.0549' height='800.0' color='FF00379C' modelSize='6487'/>
  <pieceOfFurniture catalogId='Toomy#autocuiseur' name='Olla arrocera' creator='Toomy' model='59/autocuiseur.obj' x='3497.8325' y='11752.06' elevation='500.0' width='200.0' depth='200.0' height='200.0' modelSize='313661'/>
  <pieceOfFurniture catalogId='Blend Swap CC-BY#largePan' name='Cazuela alta' creator='Jay-Artist' model='61/largePan.obj' x='3287.0208' y='10671.184' elevation='590.0' width='200.0' depth='200.0' height='200.0' modelSize='369415'/>
  <pieceOfFurniture catalogId='Infernal-quack#chaiseCuisine' name='Silla' creator='Infernal-quack' model='63' x='4578.9434' y='8498.084' angle='4.5159225' width='279.0664' depth='304.98047' height='500.0' modelSize='641408'/>
  <pieceOfFurniture catalogId='Blend Swap CC-0#bed1' name='Cama' creator='Blend Swap' model='65/bed1.obj' x='9565.244' y='9963.964' angle='3.2007613' width='1092.5479' depth='2100.0' height='400.0' color='FF04001A' modelSize='1339295'/>
  <doorOrWindow catalogId='Pencilart#newWindowDk' name='Ventana' creator='Pencilart' model='67/newWindowDk.obj' x='11489.217' y='4041.289' elevation='400.0' angle='4.7293673' width='745.1779' depth='100.0' height='700.0' modelSize='13791' movable='false' cutOutShape='M0,0 v1 h1 v-1 z' wallCutOutOnBothSides='true'/>
  <pieceOfFurniture catalogId='Blend Swap CC-BY#officeTable' name='Escritorio' creator='Nmn9' model='69/officeTable.obj' x='10437.006' y='3505.48' width='1387.7891' depth='635.70605' height='500.0' modelSize='202143'/>
  <pieceOfFurniture catalogId='Blend Swap CC-BY#laptop' name='Portátil' creator='Mayollo' model='71/laptop.obj' x='10488.62' y='3417.6743' elevation='500.0' width='445.19336' widthInPlan='445.19318' depth='272.07495' height='300.0' modelSize='474604'/>
  <pieceOfFurniture catalogId='Snduc#radiateur' name='Radiador' creator='Snduc' model='73' x='5043.423' y='10623.866' angle='3.2112591' width='670.86017' widthInPlan='670.86' depth='0.1' depthInPlan='0.099999994' height='1700.0' modelRotation='0 0 1 0 1 0 -1 0 0' modelSize='67845' movable='false'/>
  <pieceOfFurniture catalogId='Scopia#bathroom1' name='Lavabo' creator='Scopia' model='75/bathroom1.obj' x='5874.0503' y='10569.46' elevation='400.0' angle='3.238731' width='829.5012' widthInPlan='829.50116' depth='400.58038' height='1200.0' modelSize='743546'/>
  <pieceOfFurniture catalogId='Scopia#medicoscopia_bottle2' name='Agua Oxigenada' creator='Scopia' model='77/medicoscopia_bottle2.obj' x='5620.1343' y='10384.961' elevation='700.0' angle='3.0888603' width='86.50398' depth='96.13253' depthInPlan='96.132515' height='150.0' modelSize='111250'/>
  <pieceOfFurniture catalogId='eTeks#chest' name='Cómoda' creator='eTeks' model='79' x='4752.449' y='6119.4517' width='529.5918' depth='540.1455' height='600.0' modelSize='52301'/>
  <light catalogId='PeterSmolik#deskLight' name='Flexo' creator='Peter Smolik' model='81/deskLight.obj' x='4764.073' y='6151.671' elevation='600.0' angle='4.7537236' width='251.56348' widthInPlan='251.56349' depth='324.96582' height='500.2' color='FFA61000' modelRotation='0 0 1 0 1 0 -1 0 0' modelSize='227873'/>
  <pieceOfFurniture catalogId='Toomy#fer' name='Plancha' creator='Toomy' model='83/fer.obj' x='4840.407' y='6011.4634' elevation='600.0' angle='1.5897932' width='136.25357' depth='200.0' height='200.0' modelSize='120879'/>
  <pieceOfFurniture catalogId='Scopia#chair' name='Silla' creator='Scopia' model='85/chair.obj' x='2101.0278' y='3017.745' width='445.68665' depth='393.41724' height='750.0' modelRotation='0 0 -1 0 1 0 1 0 0' modelSize='98165'/>
  <pieceOfFurniture catalogId='Geantick#workbench' name='Banco de trabajo' creator='Geantick' model='87' x='10595.895' y='10985.373' angle='4.7902155' width='222.10422' depth='633.93787' height='400.0' modelRotation='1 0 0 0 0 1 0 -1 0' modelSize='51562'/>
  <light catalogId='Scopia#livingroom_lamp1' name='Lámpara' creator='Scopia' model='89/livingroom_lamp1.obj' x='10604.139' y='10985.437' elevation='370.0' width='190.80957' widthInPlan='190.80945' depth='109.00488' depthInPlan='109.00489' height='300.0' modelSize='435182'/>
  <pieceOfFurniture catalogId='Blend Swap CC-0#radiator' name='Radiador' creator='Redsymbzone' model='91/radiator.obj' x='11297.596' y='10107.729' width='124.703125' widthInPlan='124.7031' depth='709.0156' depthInPlan='709.01587' height='300.0' modelSize='453039' movable='false'/>
  <pieceOfFurniture catalogId='Puybaret#TucanFrame' name='Cuadro de tucán' creator='Emmanuel Puybaret' model='93/TucanFrame.obj' x='3854.7312' y='6788.289' elevation='1450.0' angle='1.5664557' width='300.0' depth='10.0' height='400.0' modelSize='35878'>
    <texture name='Deb' width='300.0' height='450.4399' image='94'/>
  </pieceOfFurniture>
  <pieceOfFurniture catalogId='Toomy#livres' name='Libros' creator='Toomy' model='96/livres.obj' x='3953.2346' y='5075.3213' elevation='1160.0' angle='1.5773103' width='367.23395' depth='238.68225' height='400.0' modelSize='78626'/>
  <pieceOfFurniture catalogId='Toomy#livres' name='Libros' creator='Toomy' model='96/livres.obj' x='3936.1487' y='4149.5205' elevation='1160.0' angle='1.5773103' width='367.23395' widthInPlan='367.234' depth='238.68225' depthInPlan='238.68228' height='400.0' modelSize='78626'/>
  <pieceOfFurniture catalogId='Bettinelli#poubelleInox' name='Cubo de basura' creator='Gaël Bettinelli' model='98/poubelleInox.obj' x='3568.7266' y='11274.51' width='167.75' depth='206.5' height='300.0' modelSize='78538'/>
  <pieceOfFurniture catalogId='Scopia#bowl' name='Cuenco' creator='Scopia' model='100/bowl.obj' x='3831.6516' y='5348.909' elevation='400.0' angle='6.044075' width='100.0' depth='100.0' height='20.0' color='FFA61000' modelSize='57458'/>
  <pieceOfFurniture catalogId='Toomy#plancheARepasser' name='Tabla de planchar' creator='Toomy' model='102/plancheARepasser.obj' x='5338.4683' y='6016.7246' elevation='299.0' angle='1.5747601' roll='1.7453293' width='900.0' widthInPlan='250.2185' depth='300.0' height='97.867325' heightInPlan='886.26715' modelRotation='0 0 1 0 1 0 -1 0 0' modelSize='56864'/>
  <pieceOfFurniture catalogId='Blend Swap CC-0#mamadeira' name='Biberón' creator='Valdps' model='104/mamadeira.obj' x='331.45312' y='10082.477' elevation='1080.0' width='80.0' depth='80.0' height='170.0' color='FF9D009F' modelSize='71871'/>
  <pieceOfFurniture catalogId='Blend Swap CC-0#iphone' name='iPhone' creator='Bheema' model='39/iphone.obj' x='3685.69' y='5700.6367' elevation='456.35742' angle='4.2272363' pitch='1.3962634' width='109.39575' depth='242.6211' depthInPlan='42.71917' height='0.9' heightInPlan='239.03888' modelRotation='1 0 0 0 0 1 0 -1 0' modelSize='69053'>
    <material name='iphone'>
      <texture name='mando1' width='114.5' height='334.25494' image='105'/>
    </material>
  </pieceOfFurniture>
  <pieceOfFurniture name='Tap 40' creator='3D Warehouse' model='107/Franke_Olympus_spring_spray_tap.obj' x='2310.2715' y='12786.662' elevation='570.0' angle='2.9745474' width='200.0' depth='300.0' height='800.0' modelSize='4585505'/>
  <pieceOfFurniture name='Kitchen Deco 30' creator='https://3dwarehouse.sketchup.com/' model='109/Kitchen%20Products%2029.obj' x='563.0908' y='8819.182' elevation='600.0' width='200.0' depth='177.98828' height='200.0' modelSize='5584523'/>
  <pieceOfFurniture catalogId='Bettinelli#poubelleInox' name='Cubo de basura' creator='Gaël Bettinelli' model='98/poubelleInox.obj' x='398.47656' y='12464.201' width='200.0' depth='200.0' height='250.0' color='FFFFF046' modelSize='78538'/>
  <pieceOfFurniture catalogId='Blend Swap CC-BY#kitchenTools' name='Herramientas de cocina' creator='Jay-Artist' model='111/kitchenTools.obj' x='3630.5547' y='11238.47' elevation='800.0' angle='1.6282222' width='354.07812' depth='176.18555' height='350.0' modelSize='1061627' movable='false'/>
  <pieceOfFurniture name='Kitchen Deco 06' creator='https://www.composant-dynamique.com/' model='113/Kitchen%20Products%2006.obj' x='276.71964' y='11987.681' elevation='600.0' width='70.0' depth='100.0' height='250.0' modelSize='1077576' movable='false'/>
  <pieceOfFurniture name='Kitchen Deco 07' creator='https://www.composant-dynamique.com/' model='115/Kitchen%20Products%2007.obj' x='190.6571' y='12297.81' elevation='580.0' angle='0.1507467' width='70.0' depth='100.0' height='250.0' modelSize='1732729' movable='false'/>
  <pieceOfFurniture name='Kitchen Deco 11' creator='https://www.composant-dynamique.com/' model='117/Kitchen%20Products%2011.obj' x='299.6815' y='11856.572' elevation='90.8' width='7.51922' depth='7.51922' height='15.58346' modelSize='649425'/>
  <pieceOfFurniture name='21-iphonex' model='119/Iphone%20seceond%20version%20finished.obj' x='3839.755' y='5418.986' angle='0.5701504' width='134.68945' depth='26.325195' depthInPlan='26.325191' height='226.01312' heightInPlan='226.0131' modelSize='18634412'/>
  <pieceOfFurniture name='ebqtyyc4y3gg-Toilet' model='120/Toilet.3DS' x='4090.9492' y='9817.821' angle='0.048113346' width='480.1748' widthInPlan='480.17484' depth='400.0' height='600.0' modelSize='3150937'/>
  <doorOrWindow catalogId='eTeks#window85x163' name='Ventana' creator='eTeks' model='6' x='114.660164' y='8672.352' elevation='650.0' angle='1.5715972' width='1112.2257' depth='253.91403' depthInPlan='253.91402' height='1500.0' color='FF954600' modelSize='9576' movable='false' cutOutShape='M0,0 v1 h1 v-1 z' wallCutOutOnBothSides='true'/>
  <light catalogId='Scopia#ceiling-lamp' name='Lámpara de techo' creator='Scopia' model='122/ceiling-lamp.obj' x='2751.3733' y='12909.78' elevation='2000.0' angle='0.07782912' pitch='0.7853982' width='433.72513' depth='154.07054' depthInPlan='163.64093' height='109.15118' heightInPlan='158.97226' modelSize='96982'/>
  <pieceOfFurniture catalogId='OlaKristianHoff#office_desk' name='Mesa de escritorio' creator='Ola-Kristian Hoff' model='47/office_desk.obj' x='6927.663' y='7912.8213' angle='3.1844234' width='234.9296' depth='214.1001' height='600.0' modelSize='6202'/>
  <pieceOfFurniture name='towel3' model='124/towel3.obj' x='6588.6255' y='10739.836' elevation='400.0' angle='0.06958461' width='530.8817' depth='132.80453' height='400.0' modelSize='78625'/>
  <pieceOfFurniture name='toiletPaperDispenser' model='126/toiletPaperDispenser.obj' x='3894.1726' y='10162.026' width='15.565692' depth='10.412323' height='18.452667' modelSize='848258'/>
  <pieceOfFurniture name='toiletPaperDispenser' model='126/toiletPaperDispenser.obj' x='3949.752' y='10226.869' elevation='400.0' angle='4.763948' width='119.57378' depth='88.90597' depthInPlan='88.90596' height='300.0' modelSize='848258'/>
  <wall id='wall0' xStart='458.91504' yStart='7882.045' xEnd='485.56836' yEnd='7882.045' height='2500.0' thickness='100.0' pattern='hatchUp'/>
  <wall id='wall1' wallAtStart='wall36' wallAtEnd='wall34' xStart='323.22363' yStart='7834.954' xEnd='494.20312' yEnd='2705.5598' height='2500.0' thickness='100.0' pattern='hatchUp' leftSideShininess='0.25' rightSideShininess='0.25'>
    <texture attribute='leftSideTexture' name='Pintura amarillo pastel a la esponja' creator='Scopia' catalogId='eTeksScopia#pastel-yellow-sponge-wallpaint' width='100.0' height='100.0' image='130'/>
    <texture attribute='rightSideTexture' name='Pintura amarillo pastel a la esponja' creator='Scopia' catalogId='eTeksScopia#pastel-yellow-sponge-wallpaint' width='100.0' height='100.0' image='130'/>
  </wall>
  <wall id='wall2' wallAtStart='wall30' wallAtEnd='wall25' xStart='-65.197266' yStart='12933.261' xEnd='3707.7246' yEnd='13300.964' height='2500.0' thickness='100.0' pattern='hatchUp'>
    <texture attribute='leftSideTexture' name='Losetas de mármol' creator='Scopia' catalogId='eTeksScopia#marble-floor-tiles' width='60.0' height='60.0' image='133'/>
  </wall>
  <wall id='wall3' wallAtStart='wall26' wallAtEnd='wall24' xStart='3878.704' yStart='8016.134' xEnd='3804.9941' yEnd='7974.8467' height='2500.0' thickness='100.0' pattern='hatchUp' rightSideShininess='0.25'>
    <texture attribute='rightSideTexture' name='Pintura amarillo pastel a la esponja' creator='Scopia' catalogId='eTeksScopia#pastel-yellow-sponge-wallpaint' width='100.0' height='100.0' image='130'/>
  </wall>
  <wall id='wall4' wallAtEnd='wall5' xStart='3944.8867' yStart='6929.5635' xEnd='4317.9336' yEnd='6929.5635' height='2500.0' thickness='100.0' pattern='hatchUp' leftSideShininess='0.25' rightSideShininess='0.25'>
    <texture attribute='leftSideTexture' name='Pintura amarillo pastel a la esponja' creator='Scopia' catalogId='eTeksScopia#pastel-yellow-sponge-wallpaint' width='100.0' height='100.0' image='130'/>
    <texture attribute='rightSideTexture' name='Pintura amarillo pastel a la esponja' creator='Scopia' catalogId='eTeksScopia#pastel-yellow-sponge-wallpaint' width='100.0' height='100.0' image='130'/>
  </wall>
  <wall id='wall5' wallAtStart='wall4' wallAtEnd='wall6' xStart='4317.9336' yStart='6929.5635' xEnd='4363.5' yEnd='5721.0215' height='2500.0' thickness='100.0' pattern='hatchUp'>
    <baseboard attribute='rightSideBaseboard' thickness='1.0' height='7.0'/>
  </wall>
  <wall id='wall6' wallAtStart='wall5' wallAtEnd='wall7' xStart='4363.5' yStart='5721.0215' xEnd='5671.0273' yEnd='5721.5537' height='2500.0' thickness='100.0' pattern='hatchUp'>
    <baseboard attribute='rightSideBaseboard' thickness='1.0' height='7.0'/>
  </wall>
  <wall id='wall7' wallAtStart='wall6' wallAtEnd='wall8' xStart='5671.0273' yStart='5721.5537' xEnd='5639.1406' yEnd='1741.8557' height='2500.0' thickness='100.0' pattern='hatchUp'/>
  <wall id='wall8' wallAtStart='wall7' xStart='5639.1406' yStart='1741.8557' xEnd='7006.9795' yEnd='1741.8557' height='2500.0' thickness='100.0' pattern='hatchUp'>
    <baseboard attribute='rightSideBaseboard' thickness='1.0' height='7.0'/>
  </wall>
  <wall id='wall9' wallAtEnd='wall17' xStart='6973.7354' yStart='3047.4827' xEnd='11496.928' yEnd='3171.8313' height='2500.0' thickness='100.0' pattern='hatchUp'>
    <texture attribute='rightSideTexture' name='Pintura marrón ligero a la esponja' creator='Scopia' catalogId='eTeksScopia#light-brown-sponge-wallpaint' width='100.0' height='100.0' image='134'/>
  </wall>
  <wall id='wall10' wallAtStart='wall18' wallAtEnd='wall11' xStart='11405.824' yStart='11207.919' xEnd='3843.747' yEnd='10687.2295' height='2500.0' thickness='100.0' pattern='hatchUp'>
    <texture attribute='rightSideTexture' name='Pintura amarillo pastel a la esponja' creator='Scopia' width='100.0' height='100.0' image='130'/>
  </wall>
  <wall id='wall11' wallAtStart='wall10' xStart='3843.747' yStart='10687.2295' xEnd='3773.9072' yEnd='10679.436' height='2500.0' thickness='100.0' pattern='hatchUp'>
    <texture attribute='rightSideTexture' name='Losetas de mármol' creator='Scopia' catalogId='eTeksScopia#marble-floor-tiles' width='60.0' height='60.0' image='133'/>
  </wall>
  <wall id='wall12' wallAtStart='wall28' wallAtEnd='wall13' xStart='7079.659' yStart='8094.8145' xEnd='7131.328' yEnd='7695.0615' height='2500.0' thickness='100.0' pattern='hatchUp'>
    <texture attribute='rightSideTexture' name='Pintura amarillo pastel a la esponja' creator='Scopia' width='100.0' height='100.0' image='130'/>
    <baseboard attribute='leftSideBaseboard' thickness='1.0' height='7.0'/>
  </wall>
  <wall id='wall13' wallAtStart='wall12' wallAtEnd='wall19' xStart='7131.328' yStart='7695.0615' xEnd='9276.348' yEnd='5705.4785' height='2500.0' thickness='100.0' pattern='hatchUp'>
    <texture attribute='leftSideTexture' name='Pintura marrón ligero a la esponja' creator='Scopia' catalogId='eTeksScopia#light-brown-sponge-wallpaint' width='100.0' height='100.0' image='134'/>
    <texture attribute='rightSideTexture' name='Pintura amarillo pastel a la esponja' creator='Scopia' width='100.0' height='100.0' image='130'/>
  </wall>
  <wall id='wall14' xStart='7100.241' yStart='8114.7393' xEnd='7022.5234' yEnd='10912.59' height='2500.0' thickness='100.0' pattern='hatchUp' rightSideColor='FFF0F0F0'>
    <texture attribute='leftSideTexture' name='Pintura amarillo pastel a la esponja' creator='Scopia' width='100.0' height='100.0' image='130'/>
  </wall>
  <wall id='wall15' wallAtStart='wall38' wallAtEnd='wall16' xStart='6957.5146' yStart='5801.3496' xEnd='7163.2617' yEnd='5836.33' height='2500.0' thickness='100.0' pattern='hatchUp'>
    <texture attribute='leftSideTexture' name='Pintura marrón ligero a la esponja' creator='Scopia' catalogId='eTeksScopia#light-brown-sponge-wallpaint' width='100.0' height='100.0' image='134'/>
    <baseboard attribute='rightSideBaseboard' thickness='1.0' height='7.0'/>
  </wall>
  <wall id='wall16' wallAtStart='wall15' xStart='7163.2617' yStart='5836.33' xEnd='8141.664' yEnd='6824.618' height='2500.0' thickness='100.0' pattern='hatchUp'>
    <texture attribute='leftSideTexture' name='Pintura marrón ligero a la esponja' creator='Scopia' catalogId='eTeksScopia#light-brown-sponge-wallpaint' width='100.0' height='100.0' image='134'/>
    <baseboard attribute='rightSideBaseboard' thickness='1.0' height='7.0'/>
  </wall>
  <wall id='wall17' wallAtStart='wall9' wallAtEnd='wall18' xStart='11496.928' yStart='3171.8313' xEnd='11466.663' yEnd='5841.4375' height='2500.0' thickness='100.0' pattern='hatchUp'>
    <texture attribute='rightSideTexture' name='Pintura marrón ligero a la esponja' creator='Scopia' catalogId='eTeksScopia#light-brown-sponge-wallpaint' width='100.0' height='100.0' image='134'/>
  </wall>
  <wall id='wall18' wallAtStart='wall17' wallAtEnd='wall10' xStart='11466.663' yStart='5841.4375' xEnd='11405.824' yEnd='11207.919' height='2500.0' thickness='100.0' pattern='hatchUp'>
    <texture attribute='rightSideTexture' name='Pintura amarillo pastel a la esponja' creator='Scopia' width='100.0' height='100.0' image='130'/>
  </wall>
  <wall id='wall19' wallAtStart='wall13' wallAtEnd='wall20' xStart='9276.348' yStart='5705.4785' xEnd='11466.663' yEnd='5841.429' height='2500.0' thickness='100.0' pattern='hatchUp'>
    <texture attribute='leftSideTexture' name='Pintura marrón ligero a la esponja' creator='Scopia' catalogId='eTeksScopia#light-brown-sponge-wallpaint' width='100.0' height='100.0' image='134'/>
    <texture attribute='rightSideTexture' name='Pintura amarillo pastel a la esponja' creator='Scopia' width='100.0' height='100.0' image='130'/>
  </wall>
  <wall id='wall20' wallAtStart='wall19' xStart='11466.663' yStart='5841.429' xEnd='11530.172' yEnd='5845.371' height='2500.0' thickness='100.0' pattern='hatchUp'/>
  <wall id='wall21' wallAtEnd='wall22' xStart='432.26172' yStart='7882.045' xEnd='2985.6804' yEnd='7963.429' height='2500.0' thickness='100.0' pattern='hatchUp' leftSideShininess='0.25' rightSideShininess='0.25'>
    <texture attribute='leftSideTexture' name='Pintura amarillo pastel a la esponja' creator='Scopia' catalogId='eTeksScopia#pastel-yellow-sponge-wallpaint' width='100.0' height='100.0' image='130'/>
    <texture attribute='rightSideTexture' name='Pintura amarillo pastel a la esponja' creator='Scopia' catalogId='eTeksScopia#pastel-yellow-sponge-wallpaint' width='100.0' height='100.0' image='130'/>
    <baseboard attribute='leftSideBaseboard' thickness='1.0' height='7.0'/>
  </wall>
  <wall id='wall22' wallAtStart='wall21' xStart='2985.6804' yStart='7963.429' xEnd='3777.2656' yEnd='7988.659' height='2500.0' thickness='100.0' pattern='hatchUp' leftSideShininess='0.25'>
    <texture attribute='leftSideTexture' name='Pintura amarillo pastel a la esponja' creator='Scopia' catalogId='eTeksScopia#pastel-yellow-sponge-wallpaint' width='100.0' height='100.0' image='130'/>
  </wall>
  <wall id='wall23' wallAtStart='wall33' wallAtEnd='wall24' xStart='389.12012' yStart='7889.6836' xEnd='2985.6829' yEnd='7963.429' height='2500.0' thickness='100.0' pattern='hatchUp' leftSideShininess='0.25' rightSideShininess='0.25'>
    <texture attribute='leftSideTexture' name='Pintura amarillo pastel a la esponja' creator='Scopia' catalogId='eTeksScopia#pastel-yellow-sponge-wallpaint' width='100.0' height='100.0' image='130'/>
    <texture attribute='rightSideTexture' name='Pintura amarillo pastel a la esponja' creator='Scopia' catalogId='eTeksScopia#pastel-yellow-sponge-wallpaint' width='100.0' height='100.0' image='130'/>
    <baseboard attribute='leftSideBaseboard' thickness='1.0' height='7.0'/>
  </wall>
  <wall id='wall24' wallAtStart='wall23' wallAtEnd='wall3' xStart='2985.6829' yStart='7963.429' xEnd='3804.9941' yEnd='7974.8467' height='2500.0' thickness='100.0' pattern='hatchUp' leftSideShininess='0.25'>
    <texture attribute='leftSideTexture' name='Pintura amarillo pastel a la esponja' creator='Scopia' catalogId='eTeksScopia#pastel-yellow-sponge-wallpaint' width='100.0' height='100.0' image='130'/>
  </wall>
  <wall id='wall25' wallAtStart='wall2' wallAtEnd='wall26' xStart='3707.7246' yStart='13300.964' xEnd='3791.3984' yEnd='10714.68' height='2500.0' thickness='100.0' pattern='hatchUp'>
    <texture attribute='leftSideTexture' name='Losetas de mármol' creator='Scopia' catalogId='eTeksScopia#marble-floor-tiles' width='60.0' height='60.0' image='133'/>
  </wall>
  <wall id='wall26' wallAtStart='wall25' wallAtEnd='wall3' xStart='3791.3984' yStart='10714.68' xEnd='3878.704' yEnd='8016.134' height='2500.0' thickness='100.0' pattern='hatchUp'>
    <texture attribute='leftSideTexture' name='Losetas de mármol' creator='Scopia' catalogId='eTeksScopia#marble-floor-tiles' width='60.0' height='60.0' image='133'/>
  </wall>
  <wall id='wall27' wallAtEnd='wall28' xStart='3953.834' yStart='7981.127' xEnd='7155.462' yEnd='8118.3394' height='2500.0' thickness='100.0' pattern='hatchUp' rightSideColor='FFF0F0F0'>
    <baseboard attribute='leftSideBaseboard' thickness='1.0' height='7.0'/>
  </wall>
  <wall id='wall28' wallAtStart='wall27' wallAtEnd='wall12' xStart='7155.462' yStart='8118.3394' xEnd='7079.659' yEnd='8094.8145' height='2500.0' thickness='100.0' pattern='hatchUp'>
    <texture attribute='rightSideTexture' name='Pintura amarillo pastel a la esponja' creator='Scopia' width='100.0' height='100.0' image='130'/>
  </wall>
  <wall id='wall29' wallAtEnd='wall30' xStart='307.6797' yStart='7850.497' xEnd='118.552765' yEnd='7926.0723' height='2500.0' thickness='100.0' pattern='hatchUp'/>
  <wall id='wall30' wallAtStart='wall29' wallAtEnd='wall2' xStart='118.552765' yStart='7926.0723' xEnd='-65.197266' yEnd='12933.261' height='2500.0' thickness='100.0' pattern='hatchUp'/>
  <wall id='wall31' wallAtEnd='wall37' xStart='6975.0117' yStart='1769.4841' xEnd='6964.464' yEnd='3047.1875' height='2500.0' thickness='100.0' pattern='hatchUp'>
    <baseboard attribute='rightSideBaseboard' thickness='1.0' height='7.0'/>
  </wall>
  <wall id='wall32' xStart='5662.1025' yStart='5721.0215' xEnd='6969.63' yEnd='5721.5537' height='2500.0' thickness='100.0' pattern='hatchUp'>
    <baseboard attribute='leftSideBaseboard' thickness='1.0' height='7.0'/>
    <baseboard attribute='rightSideBaseboard' thickness='1.0' height='7.0'/>
  </wall>
  <wall id='wall33' wallAtEnd='wall23' xStart='390.97964' yStart='7837.617' xEnd='389.12012' yEnd='7889.6836' height='2500.0' thickness='100.0' pattern='hatchUp'/>
  <wall id='wall34' wallAtStart='wall1' wallAtEnd='wall35' xStart='494.20312' yStart='2705.5598' xEnd='751.9002' yEnd='2702.3293' height='2500.0' thickness='100.0' pattern='hatchUp'>
    <baseboard attribute='rightSideBaseboard' thickness='1.0' height='7.0'/>
  </wall>
  <wall id='wall35' wallAtStart='wall34' wallAtEnd='wall39' xStart='751.9002' yStart='2702.3293' xEnd='4100.323' yEnd='2705.5598' height='2500.0' thickness='100.0' pattern='hatchUp'>
    <texture attribute='leftSideTexture' name='Pintura amarillo pastel a la esponja' creator='Scopia' catalogId='eTeksScopia#pastel-yellow-sponge-wallpaint' width='100.0' height='100.0' image='130'/>
    <texture attribute='rightSideTexture' name='Pintura amarillo pastel a la esponja' creator='Scopia' catalogId='eTeksScopia#pastel-yellow-sponge-wallpaint' width='100.0' height='100.0' image='130'/>
    <baseboard attribute='rightSideBaseboard' thickness='1.0' height='7.0'/>
  </wall>
  <wall id='wall36' wallAtStart='wall42' wallAtEnd='wall1' xStart='390.9796' yStart='7837.6167' xEnd='323.22363' yEnd='7834.954' height='2500.0' thickness='100.0' pattern='hatchUp'/>
  <wall id='wall37' wallAtStart='wall31' wallAtEnd='wall38' xStart='6964.464' yStart='3047.1875' xEnd='6957.716' yEnd='5721.5' height='2500.0' thickness='100.0' pattern='hatchUp'>
    <texture attribute='leftSideTexture' name='Pintura marrón ligero a la esponja' creator='Scopia' catalogId='eTeksScopia#light-brown-sponge-wallpaint' width='100.0' height='100.0' image='134'/>
    <baseboard attribute='rightSideBaseboard' thickness='1.0' height='7.0'/>
  </wall>
  <wall id='wall38' wallAtStart='wall37' wallAtEnd='wall15' xStart='6957.716' yStart='5721.5' xEnd='6957.5146' yEnd='5801.3496' height='2500.0' thickness='100.0' pattern='hatchUp'>
    <texture attribute='leftSideTexture' name='Pintura marrón ligero a la esponja' creator='Scopia' catalogId='eTeksScopia#light-brown-sponge-wallpaint' width='100.0' height='100.0' image='134'/>
    <baseboard attribute='rightSideBaseboard' thickness='1.0' height='7.0'/>
  </wall>
  <wall id='wall39' wallAtStart='wall35' wallAtEnd='wall40' xStart='4100.323' yStart='2705.5598' xEnd='3925.8801' yEnd='6929.5625' height='2500.0' thickness='100.0' pattern='hatchUp' leftSideShininess='0.25' rightSideShininess='0.25'>
    <texture attribute='leftSideTexture' name='Pintura amarillo pastel a la esponja' creator='Scopia' catalogId='eTeksScopia#pastel-yellow-sponge-wallpaint' width='100.0' height='100.0' image='130'/>
    <texture attribute='rightSideTexture' name='Pintura amarillo pastel a la esponja' creator='Scopia' catalogId='eTeksScopia#pastel-yellow-sponge-wallpaint' width='100.0' height='100.0' image='130'/>
    <baseboard attribute='rightSideBaseboard' thickness='1.0' height='7.0'/>
  </wall>
  <wall id='wall40' wallAtStart='wall39' wallAtEnd='wall41' xStart='3925.8801' yStart='6929.5625' xEnd='3882.712' yEnd='7974.846' height='2500.0' thickness='100.0' pattern='hatchUp' leftSideShininess='0.25' rightSideShininess='0.25'>
    <texture attribute='leftSideTexture' name='Pintura amarillo pastel a la esponja' creator='Scopia' catalogId='eTeksScopia#pastel-yellow-sponge-wallpaint' width='100.0' height='100.0' image='130'/>
    <texture attribute='rightSideTexture' name='Pintura amarillo pastel a la esponja' creator='Scopia' catalogId='eTeksScopia#pastel-yellow-sponge-wallpaint' width='100.0' height='100.0' image='130'/>
    <baseboard attribute='rightSideBaseboard' thickness='1.0' height='7.0'/>
  </wall>
  <wall id='wall41' wallAtStart='wall40' wallAtEnd='wall42' xStart='3882.712' yStart='7974.846' xEnd='3799.1282' yEnd='7971.561' height='2500.0' thickness='100.0' pattern='hatchUp' rightSideShininess='0.25'>
    <texture attribute='rightSideTexture' name='Pintura amarillo pastel a la esponja' creator='Scopia' catalogId='eTeksScopia#pastel-yellow-sponge-wallpaint' width='100.0' height='100.0' image='130'/>
    <baseboard attribute='leftSideBaseboard' thickness='1.0' height='7.0'/>
    <baseboard attribute='rightSideBaseboard' thickness='1.0' height='7.0'/>
  </wall>
  <wall id='wall42' wallAtStart='wall41' wallAtEnd='wall36' xStart='3799.1282' yStart='7971.561' xEnd='390.9796' yEnd='7837.6167' height='2500.0' thickness='100.0' pattern='hatchUp' leftSideShininess='0.25' rightSideShininess='0.25'>
    <texture attribute='leftSideTexture' name='Pintura amarillo pastel a la esponja' creator='Scopia' catalogId='eTeksScopia#pastel-yellow-sponge-wallpaint' width='100.0' height='100.0' image='130'/>
    <texture attribute='rightSideTexture' name='Pintura amarillo pastel a la esponja' creator='Scopia' catalogId='eTeksScopia#pastel-yellow-sponge-wallpaint' width='100.0' height='100.0' image='130'/>
    <baseboard attribute='leftSideBaseboard' thickness='1.0' height='7.0'/>
    <baseboard attribute='rightSideBaseboard' thickness='1.0' height='7.0'/>
  </wall>
  <room areaVisible='true'>
    <texture attribute='floorTexture' name='Parquet inglés' creator='Scopia' catalogId='eTeksScopia#english-parquet-dark' width='120.0' height='120.0' image='127'/>
    <point x='9294.639' y='5756.709'/>
    <point x='11416.128' y='5888.3887'/>
    <point x='11356.425' y='11154.614'/>
    <point x='7073.5264' y='10877.18'/>
    <point x='7083.614' y='8124.1514'/>
    <point x='7216.283' y='8182.6367'/>
    <point x='7182.9097' y='7715.414'/>
  </room>
  <room areaVisible='true' areaXOffset='274.8589' areaYOffset='145.51367' floorShininess='0.25'>
    <texture attribute='floorTexture' name='Azulejos blancos con cenefa' creator='Scopia' catalogId='eTeksScopia#white-with-border-kitchen-tiles' width='100.0' height='100.0' scale='3.0' image='128'/>
    <point x='3962.4556' y='8058.9824'/>
    <point x='3877.1104' y='10696.928'/>
    <point x='3912.4844' y='10687.454'/>
    <point x='7008.2197' y='10887.987'/>
    <point x='7083.087' y='8192.725'/>
    <point x='6364.3994' y='8161.923'/>
    <point x='6366.087' y='8111.935'/>
    <point x='5483.3486' y='8074.1035'/>
    <point x='5481.6606' y='8124.0913'/>
  </room>
  <room areaVisible='true' areaAngle='2.0414667' areaXOffset='-484.95508' areaYOffset='-1272.9795' ceilingColor='FFF0F0F0'>
    <texture attribute='floorTexture' name='Azulejos blancos' creator='Scopia' catalogId='eTeksScopia#basic-white-tile' width='20.0' height='20.0' image='129'/>
    <point x='433.51782' y='8002.8457'/>
    <point x='3064.9727' y='8039.5156'/>
    <point x='3856.1104' y='8064.7314'/>
    <point x='3856.5625' y='8050.547'/>
    <point x='3872.0571' y='8050.7627'/>
    <point x='3908.1846' y='8070.996'/>
    <point x='3824.245' y='10665.507'/>
    <point x='3657.0586' y='10776.967'/>
    <point x='3820.2969' y='10787.541'/>
    <point x='3739.9224' y='13271.854'/>
    <point x='253.27747' y='12914.395'/>
  </room>
  <room areaVisible='true' areaAngle='2.9734468' areaXOffset='-317.40674' areaYOffset='2996.0889' floorShininess='0.25' ceilingShininess='0.25'>
    <texture attribute='floorTexture' name='Parquet inglés beige claro' creator='Scopia' catalogId='eTeksScopia#light-beige-parquet' width='100.0' height='100.0' angle='4.712389' scale='8.0' image='131'/>
    <texture attribute='ceilingTexture' name='Pintura amarillo pastel a la esponja' creator='Scopia' catalogId='eTeksScopia#pastel-yellow-sponge-wallpaint' width='100.0' height='100.0' image='130'/>
    <point x='653.6658' y='2800.4915'/>
    <point x='485.95325' y='7831.876'/>
    <point x='1749.2139' y='7881.5225'/>
    <point x='1744.3091' y='7988.0215'/>
    <point x='2505.8882' y='8023.0957'/>
    <point x='2511.0293' y='7911.462'/>
    <point x='3945.915' y='7967.8535'/>
    <point x='4159.3154' y='2800.4915'/>
  </room>
  <room areaVisible='true' areaXOffset='-479.2578' areaYOffset='1331.2617'>
    <texture attribute='floorTexture' name='Baldosas marrones' creator='Scopia' catalogId='eTeksScopia#light-brown-tiles' width='60.0' height='60.0' image='132'/>
    <point x='5738.3687' y='1759.7554'/>
    <point x='5816.1104' y='5771.142'/>
    <point x='4401.2593' y='5740.0454'/>
    <point x='4370.1196' y='5708.596'/>
    <point x='4401.26' y='5740.056'/>
    <point x='4416.79' y='7029.0415'/>
    <point x='4416.79' y='7029.056'/>
    <point x='4416.7754' y='7029.0415'/>
    <point x='4018.7388' y='7029.0415'/>
    <point x='3982.3662' y='7909.7812'/>
    <point x='5498.7324' y='7974.7676'/>
    <point x='5497.045' y='8024.756'/>
    <point x='6379.783' y='8062.586'/>
    <point x='6381.4707' y='8012.5996'/>
    <point x='7129.009' y='8027.302'/>
    <point x='7127.997' y='7642.6113'/>
    <point x='8084.993' y='6754.9624'/>
    <point x='7998.4414' y='6664.222'/>
    <point x='8016.287' y='6647.2485'/>
    <point x='7686.9023' y='6300.941'/>
    <point x='7676.702' y='6279.553'/>
    <point x='7666.5605' y='6279.553'/>
    <point x='7440.1113' y='6041.471'/>
    <point x='7421.4043' y='6059.264'/>
    <point x='7204.423' y='5831.7837'/>
    <point x='6939.5' y='5826.8228'/>
    <point x='7011.8223' y='5756.4263'/>
    <point x='6939.5' y='5826.775'/>
    <point x='6973.075' y='1759.7554'/>
  </room>
  <room areaVisible='true'>
    <texture attribute='floorTexture' name='Baldosas marrones' creator='Scopia' catalogId='eTeksScopia#light-brown-tiles' width='60.0' height='60.0' image='132'/>
    <point x='7025.793' y='3098.6096'/>
    <point x='7003.815' y='5760.7935'/>
    <point x='7211.497' y='5764.6826'/>
    <point x='7457.3657' y='6022.4478'/>
    <point x='7403.6113' y='6073.575'/>
    <point x='7979.785' y='6679.3496'/>
    <point x='8034.401' y='6627.403'/>
    <point x='8121.819' y='6719.051'/>
    <point x='9269.809' y='5654.248'/>
    <point x='11429.015' y='5788.267'/>
    <point x='11458.125' y='3220.5'/>
    <point x='11531.907' y='3149.4883'/>
    <point x='11458.125' y='3220.4604'/>
  </room>
</home>