<?xml version='1.0'?>
<home version='5500' exportFlags='17' name='JardinAusilioteca5.sh3d' camera='observerCamera' wallHeight='1250.0'>
  <environment groundColor='00A8A8A8' skyColor='00CCE4FC' lightColor='00D0D0D0'>
    <observerCamera attribute='cameraPath' lens='PINHOLE' x='466.87738' y='2092.816' z='500.0' yaw='-2.245873' pitch='0.0' fieldOfView='2.0943952' time='1532692800000'/>
    <observerCamera attribute='cameraPath' lens='PINHOLE' x='1749.7025' y='1380.9592' z='500.0' yaw='-2.245873' pitch='0.0' fieldOfView='2.0943952' time='1532692800000'/>
    <observerCamera attribute='cameraPath' lens='PINHOLE' x='1749.7025' y='1380.9592' z='500.0' yaw='-2.245873' pitch='1.2217305' fieldOfView='2.0943952' time='1532692800000'/>
    <observerCamera attribute='cameraPath' lens='PINHOLE' x='1749.7025' y='1380.9592' z='500.0' yaw='-3.3916168' pitch='1.2217305' fieldOfView='2.0943952' time='1532692800000'/>
    <observerCamera attribute='cameraPath' lens='PINHOLE' x='1749.7025' y='1380.9592' z='500.0' yaw='-1.299226' pitch='1.2217305' fieldOfView='2.0943952' time='1532692800000'/>
    <observerCamera attribute='cameraPath' lens='PINHOLE' x='1749.7025' y='1380.9592' z='500.0' yaw='-2.4382868' pitch='1.2217305' fieldOfView='2.0943952' time='1532692800000'/>
    <observerCamera attribute='cameraPath' lens='PINHOLE' x='1749.7025' y='1380.9592' z='500.0' yaw='-2.4382868' pitch='0.0' fieldOfView='2.0943952' time='1532692800000'/>
    <observerCamera attribute='cameraPath' lens='PINHOLE' x='2728.5054' y='339.12717' z='500.0' yaw='-2.4382868' pitch='0.0' fieldOfView='2.0943952' time='1532692800000'/>
  </environment>
  <observerCamera attribute='observerCamera' lens='PINHOLE' x='2728.5054' y='339.12717' z='500.0' yaw='0.8067126' pitch='0.53000015' fieldOfView='2.0943952' time='1532692800000'/>
  <camera attribute='topCamera' lens='PINHOLE' x='1332.8689' y='3999.6033' z='3437.1055' yaw='15.76745' pitch='0.8249997' fieldOfView='1.0995575' time='1532692800000'/>
  <observerCamera attribute='storedCamera' name='dronJardin' lens='PINHOLE' x='466.87738' y='2092.816' z='500.0' yaw='-2.245873' pitch='-0.0' fieldOfView='2.0943952' time='1532692800000'/>
  <observerCamera attribute='storedCamera' name='Salida recorrido negro' lens='PINHOLE' x='1004.4775' y='1655.3207' z='50.0' yaw='-2.42696' pitch='-0.09430022' fieldOfView='1.0995575' time='1532692800000'/>
  <observerCamera attribute='storedCamera' name='Salida recorrido azul' lens='PINHOLE' x='567.7619' y='1676.9814' z='50.0' yaw='-3.106686' pitch='-0.09430022' fieldOfView='1.5707964' time='1532692800000'/>
  <observerCamera attribute='storedCamera' name='Salida recorrido negro 2' lens='PINHOLE' x='916.2746' y='1815.0396' z='50.0' yaw='-1.439246' pitch='-0.09430022' fieldOfView='1.0995575' time='1532692800000'/>
  <observerCamera attribute='storedCamera' name='salidasilla2' lens='PINHOLE' x='554.73035' y='1396.5968' z='100.0' yaw='-3.0405483' pitch='-0.019999761' fieldOfView='1.0995575' time='1532692800000'/>
  <observerCamera attribute='storedCamera' name='salidasilla' lens='PINHOLE' x='574.2589' y='1711.495' z='100.0' yaw='-3.0405483' pitch='-0.019999761' fieldOfView='1.0995575' time='1532692800000'/>
  <camera attribute='storedCamera' name='salida' lens='PINHOLE' x='2716.8394' y='2253.5159' z='1137.7705' yaw='14.397331' pitch='0.4550453' fieldOfView='1.0995575' time='1532692800000'/>
  <pieceOfFurniture name='fanPalm (1)' model='2/fanPalm.obj' x='2.61697' y='2.7318149' width='5.23394' depth='5.4636297' height='6.38212' modelSize='828361'/>
  <pieceOfFurniture name='palm (1)' model='4/palm.obj' x='3.8028202' y='3.93538' width='7.6056404' depth='7.87076' height='13.63688' modelSize='802770'/>
  <pieceOfFurniture name='weepingWillow (1)' model='6/weepingWillow.obj' x='5.7528048' y='5.6109953' width='11.5056095' depth='11.221991' height='13.14562' modelSize='8343419'/>
  <pieceOfFurniture name='sassafras (1)' model='8/sassafras.obj' x='8.521055' y='8.350035' width='17.04211' depth='16.70007' height='23.85238' modelSize='7191460'/>
  <pieceOfFurniture name='lombardyPoplar (1)' model='10/lombardyPoplar.obj' x='3.50112' y='3.312185' width='7.00224' depth='6.62437' height='25.84755' modelSize='1953136'/>
  <pieceOfFurniture name='quakingAspen (1)' model='12/quakingAspen.obj' x='3.7689052' y='3.91105' width='7.5378103' depth='7.8221' height='14.8665' modelSize='3459628'/>
  <pieceOfFurniture name='blackTupelo (1)' model='14/blackTupelo.obj' x='9.05606' y='8.862446' width='18.11212' depth='17.724892' height='27.22543' modelSize='6393781'/>
  <pieceOfFurniture name='fanPalm (1)' model='2/fanPalm.obj' x='890.86597' y='466.90277' width='126.43823' depth='147.56516' depthInPlan='147.56514' height='160.0' modelSize='828361'/>
  <pieceOfFurniture name='fanPalm (1)' model='2/fanPalm.obj' x='749.2905' y='341.963' width='126.43823' depth='147.56516' depthInPlan='147.56514' height='160.0' modelSize='828361'/>
  <pieceOfFurniture name='fanPalm (1)' model='2/fanPalm.obj' x='1007.89075' y='404.21094' width='126.43823' depth='147.56516' depthInPlan='147.56514' height='160.0' modelSize='828361'/>
  <pieceOfFurniture name='fanPalm (1)' model='2/fanPalm.obj' x='727.8671' y='564.82495' width='126.43823' depth='147.56516' depthInPlan='147.56514' height='160.0' modelSize='828361'/>
  <pieceOfFurniture name='palm (1)' model='4/palm.obj' x='3.8028202' y='3.93538' width='7.6056404' depth='7.87076' height='13.63688' modelSize='802770'/>
  <pieceOfFurniture name='weepingWillow (1)' model='6/weepingWillow.obj' x='952.5141' y='582.3322' width='132.70984' depth='140.78522' height='250.0' modelSize='8343419'/>
  <pieceOfFurniture name='fanPalm (1)' model='2/fanPalm.obj' x='886.6864' y='730.2086' width='126.43823' depth='147.56516' depthInPlan='147.56514' height='160.0' modelSize='828361'/>
  <pieceOfFurniture name='weepingWillow (1)' model='6/weepingWillow.obj' x='902.3605' y='310.66754' width='132.70984' depth='140.78522' height='250.0' modelSize='8343419'/>
  <pieceOfFurniture name='weepingWillow (1)' model='6/weepingWillow.obj' x='738.46436' y='769.51056' width='132.70984' depth='140.78522' height='250.0' modelSize='8343419'/>
  <pieceOfFurniture name='fanPalm (1)' model='2/fanPalm.obj' x='856.5331' y='609.90173' width='126.43823' depth='147.56516' depthInPlan='147.56514' height='160.0' modelSize='828361'/>
  <pieceOfFurniture name='fanPalm (1)' model='2/fanPalm.obj' x='1312.094' y='384.21115' width='126.43823' depth='147.56516' depthInPlan='147.56514' height='160.0' modelSize='828361'/>
  <pieceOfFurniture name='fanPalm (1)' model='2/fanPalm.obj' x='1440.7599' y='429.288' width='126.43823' depth='147.56516' depthInPlan='147.56514' height='160.0' modelSize='828361'/>
  <pieceOfFurniture name='fanPalm (1)' model='2/fanPalm.obj' x='1592.1176' y='223.59695' width='126.43823' depth='147.56516' depthInPlan='147.56514' height='160.0' modelSize='828361'/>
  <pieceOfFurniture name='fanPalm (1)' model='2/fanPalm.obj' x='1475.0928' y='286.2888' width='126.43823' depth='147.56516' depthInPlan='147.56514' height='160.0' modelSize='828361'/>
  <pieceOfFurniture name='weepingWillow (1)' model='6/weepingWillow.obj' x='1474.049' y='130.05356' width='132.70984' depth='140.78522' height='250.0' modelSize='8343419'/>
  <pieceOfFurniture name='fanPalm (1)' model='2/fanPalm.obj' x='1341.3501' y='227.7764' width='126.43823' depth='147.56516' depthInPlan='147.56514' height='160.0' modelSize='828361'/>
  <pieceOfFurniture name='weepingWillow (1)' model='6/weepingWillow.obj' x='1536.7408' y='401.71835' width='132.70984' depth='140.78522' height='250.0' modelSize='8343419'/>
  <pieceOfFurniture name='weepingWillow (1)' model='6/weepingWillow.obj' x='1322.6912' y='588.89685' width='132.70984' depth='140.78522' height='250.0' modelSize='8343419'/>
  <pieceOfFurniture name='fanPalm (1)' model='2/fanPalm.obj' x='1470.9132' y='549.595' width='126.43823' depth='147.56516' depthInPlan='147.56514' height='160.0' modelSize='828361'/>
  <pieceOfFurniture name='fanPalm (1)' model='2/fanPalm.obj' x='1597.1943' y='535.5687' width='126.43823' depth='147.56516' depthInPlan='147.56514' height='160.0' modelSize='828361'/>
  <pieceOfFurniture name='fanPalm (1)' model='2/fanPalm.obj' x='1725.8604' y='580.6455' width='126.43823' depth='147.56516' depthInPlan='147.56514' height='160.0' modelSize='828361'/>
  <pieceOfFurniture name='fanPalm (1)' model='2/fanPalm.obj' x='1677.0983' y='303.11685' width='126.43823' depth='147.56516' depthInPlan='147.56514' height='160.0' modelSize='828361'/>
  <pieceOfFurniture name='fanPalm (1)' model='2/fanPalm.obj' x='1760.1932' y='437.64655' width='126.43823' depth='147.56516' depthInPlan='147.56514' height='160.0' modelSize='828361'/>
  <pieceOfFurniture name='weepingWillow (1)' model='6/weepingWillow.obj' x='1759.1494' y='281.41135' width='132.70984' depth='140.78522' height='250.0' modelSize='8343419'/>
  <pieceOfFurniture name='fanPalm (1)' model='2/fanPalm.obj' x='1626.4506' y='379.13416' width='126.43823' depth='147.56516' depthInPlan='147.56514' height='160.0' modelSize='828361'/>
  <pieceOfFurniture name='weepingWillow (1)' model='6/weepingWillow.obj' x='1811.5789' y='394.00647' width='132.70984' depth='140.78522' height='250.0' modelSize='8343419'/>
  <pieceOfFurniture name='weepingWillow (1)' model='6/weepingWillow.obj' x='1633.4481' y='688.94165' width='132.70984' depth='140.78522' height='250.0' modelSize='8343419'/>
  <pieceOfFurniture name='fanPalm (1)' model='2/fanPalm.obj' x='1797.0638' y='562.40784' width='126.43823' depth='147.56516' depthInPlan='147.56514' height='160.0' modelSize='828361'/>
  <furnitureGroup name='Grupo -1-' x='2524.7922' y='1261.0087' angle='5.9667215' width='205.18848' depth='598.3059' height='2.8'>
    <pieceOfFurniture name='A - BARKABODA Walnut' creator='https://www.composant-dynamique.com/' model='16/BARKABODA%20Walnut.obj' x='2608.7603' y='1509.1917' angle='5.9667215' width='200.0' depth='74.32548' height='2.8' modelSize='142992'/>
    <pieceOfFurniture name='A - BARKABODA Walnut' creator='https://www.composant-dynamique.com/' model='16/BARKABODA%20Walnut.obj' x='2584.268' y='1434.2953' angle='5.9667215' width='200.0' depth='74.32548' height='2.8' modelSize='142992'/>
    <pieceOfFurniture name='A - BARKABODA Walnut' creator='https://www.composant-dynamique.com/' model='16/BARKABODA%20Walnut.obj' x='2533.8184' y='1285.7914' angle='5.9667215' width='200.0' depth='74.32548' height='2.8' modelSize='142992'/>
    <pieceOfFurniture name='A - BARKABODA Walnut' creator='https://www.composant-dynamique.com/' model='16/BARKABODA%20Walnut.obj' x='2558.8918' y='1359.6637' angle='5.9667215' width='200.0' depth='74.32548' height='2.8' modelSize='142992'/>
    <pieceOfFurniture name='A - BARKABODA Walnut' creator='https://www.composant-dynamique.com/' model='16/BARKABODA%20Walnut.obj' x='2483.4958' y='1137.7765' angle='5.9667215' width='200.0' depth='74.32548' height='2.8' modelSize='142992'/>
    <pieceOfFurniture name='A - BARKABODA Walnut' creator='https://www.composant-dynamique.com/' model='16/BARKABODA%20Walnut.obj' x='2508.5698' y='1212.5626' angle='5.9667215' width='200.0' depth='74.32548' height='2.8' modelSize='142992'/>
    <pieceOfFurniture name='A - BARKABODA Walnut' creator='https://www.composant-dynamique.com/' model='16/BARKABODA%20Walnut.obj' x='2437.272' y='1002.3749' angle='5.9667215' width='198.36038' widthInPlan='198.36037' depth='52.25067' depthInPlan='52.250675' height='2.8' modelSize='142992'/>
    <pieceOfFurniture name='A - BARKABODA Walnut' creator='https://www.composant-dynamique.com/' model='16/BARKABODA%20Walnut.obj' x='2457.414' y='1063.5901' angle='5.9667215' width='200.0' depth='74.32548' height='2.8' modelSize='142992'/>
  </furnitureGroup>
  <pieceOfFurniture name='blackTupelo (1)' model='14/blackTupelo.obj' x='9.05606' y='8.862446' width='18.11212' depth='17.724892' height='27.22543' modelSize='6393781'/>
  <pieceOfFurniture name='quakingAspen (1)' model='12/quakingAspen.obj' x='3.7689052' y='3.91105' width='7.5378103' depth='7.8221' height='14.8665' modelSize='3459628'/>
  <pieceOfFurniture name='quakingAspen (1)' model='12/quakingAspen.obj' x='1844.9343' y='1186.6538' width='78.588745' widthInPlan='78.58874' depth='162.46204' height='120.0' modelSize='3459628'/>
  <pieceOfFurniture name='sassafras (1)' model='8/sassafras.obj' x='8.521055' y='8.350035' width='17.04211' depth='16.70007' height='23.85238' modelSize='7191460'/>
  <pieceOfFurniture name='lombardyPoplar (1)' model='10/lombardyPoplar.obj' x='3.50112' y='3.312185' width='7.00224' depth='6.62437' height='25.84755' modelSize='1953136'/>
  <pieceOfFurniture name='lombardyPoplar (1)' model='10/lombardyPoplar.obj' x='3.50112' y='3.312185' width='7.00224' depth='6.62437' height='25.84755' modelSize='1953136'/>
  <pieceOfFurniture name='palm (1)' model='4/palm.obj' x='3.8028202' y='3.93538' width='7.6056404' depth='7.87076' height='13.63688' modelSize='802770'/>
  <pieceOfFurniture name='sassafras (1)' model='8/sassafras.obj' x='1659.521' y='1423.0526' width='92.27234' depth='91.9303' depthInPlan='91.93028' height='170.0' modelSize='7191460'/>
  <pieceOfFurniture name='lombardyPoplar (1)' model='10/lombardyPoplar.obj' x='1963.7811' y='1367.8613' width='149.10376' depth='123.64929' height='110.0' modelSize='1953136'/>
  <pieceOfFurniture name='fanPalm (1)' model='2/fanPalm.obj' x='1801.9877' y='1567.895' width='118.07922' widthInPlan='118.079216' depth='114.12952' depthInPlan='114.129524' height='169.0' modelSize='828361'/>
  <pieceOfFurniture name='quakingAspen (1)' model='12/quakingAspen.obj' x='2161.6758' y='1252.6279' width='78.588745' widthInPlan='78.58874' depth='162.46204' height='120.0' modelSize='3459628'/>
  <pieceOfFurniture name='sassafras (1)' model='8/sassafras.obj' x='1976.2626' y='1489.0267' width='92.27234' depth='91.9303' depthInPlan='91.93028' height='170.0' modelSize='7191460'/>
  <pieceOfFurniture name='lombardyPoplar (1)' model='10/lombardyPoplar.obj' x='2280.5227' y='1433.8354' width='149.10376' depth='123.64929' height='110.0' modelSize='1953136'/>
  <pieceOfFurniture name='fanPalm (1)' model='2/fanPalm.obj' x='2118.7292' y='1633.8691' width='118.07922' widthInPlan='118.079216' depth='114.12952' depthInPlan='114.129524' height='169.0' modelSize='828361'/>
  <pieceOfFurniture name='quakingAspen (1)' model='12/quakingAspen.obj' x='1698.6533' y='1240.9868' width='78.588745' widthInPlan='78.58874' depth='162.46204' height='120.0' modelSize='3459628'/>
  <pieceOfFurniture name='sassafras (1)' model='8/sassafras.obj' x='1513.24' y='1477.3856' width='92.27234' depth='91.9303' depthInPlan='91.93028' height='170.0' modelSize='7191460'/>
  <pieceOfFurniture name='lombardyPoplar (1)' model='10/lombardyPoplar.obj' x='2444.3198' y='1541.3184' width='149.10376' depth='123.64929' height='110.0' modelSize='1953136'/>
  <pieceOfFurniture name='fanPalm (1)' model='2/fanPalm.obj' x='1655.7067' y='1622.228' width='118.07922' widthInPlan='118.079216' depth='114.12952' depthInPlan='114.129524' height='169.0' modelSize='828361'/>
  <pieceOfFurniture name='fanPalm (1)' model='2/fanPalm.obj' x='2010.0634' y='1153.2314' width='126.43823' depth='147.56516' depthInPlan='147.56514' height='160.0' modelSize='828361'/>
  <pieceOfFurniture name='fanPalm (1)' model='2/fanPalm.obj' x='1372.9073' y='1646.349' width='126.43823' depth='147.56516' height='110.0' modelSize='828361'/>
  <pieceOfFurniture name='weepingWillow (1)' model='6/weepingWillow.obj' x='956.69354' y='582.3322' width='132.70984' depth='140.78522' height='250.0' modelSize='8343419'/>
  <pieceOfFurniture name='weepingWillow (1)' model='6/weepingWillow.obj' x='2293.223' y='1287.7635' width='132.70984' depth='140.78522' height='250.0' modelSize='8343419'/>
  <pieceOfFurniture name='fanPalm (1)' model='2/fanPalm.obj' x='2147.9856' y='1385.4863' width='126.43823' depth='147.56516' depthInPlan='147.56514' height='160.0' modelSize='828361'/>
  <pieceOfFurniture name='weepingWillow (1)' model='6/weepingWillow.obj' x='2347.5557' y='1559.4285' width='132.70984' depth='140.78522' height='250.0' modelSize='8343419'/>
  <pieceOfFurniture name='sassafras (1)' model='8/sassafras.obj' x='1934.4683' y='1626.9487' width='92.27234' depth='91.9303' depthInPlan='91.93028' height='170.0' modelSize='7191460'/>
  <pieceOfFurniture name='quakingAspen (1)' model='12/quakingAspen.obj' x='1480.4249' y='1632.9587' width='78.588745' widthInPlan='78.58874' depth='162.46204' height='120.0' modelSize='3459628'/>
  <pieceOfFurniture name='quakingAspen (1)' model='12/quakingAspen.obj' x='2236.9067' y='1127.2443' width='78.588745' widthInPlan='78.58874' depth='162.46204' height='120.0' modelSize='3459628'/>
  <pieceOfFurniture name='lombardyPoplar (1)' model='10/lombardyPoplar.obj' x='2134.2417' y='1521.604' width='149.10376' depth='123.64929' height='110.0' modelSize='1953136'/>
  <pieceOfFurniture name='lombardyPoplar (1)' model='10/lombardyPoplar.obj' x='2285.599' y='1672.9618' width='149.10376' depth='123.64929' height='110.0' modelSize='1953136'/>
  <pieceOfFurniture name='lombardyPoplar (1)' model='10/lombardyPoplar.obj' x='1767.3464' y='1117.0939' width='149.10376' depth='123.64929' height='90.0' modelSize='1953136'/>
  <pieceOfFurniture name='lombardyPoplar (1)' model='10/lombardyPoplar.obj' x='1604.3478' y='1346.964' width='149.10376' depth='123.64929' height='110.0' modelSize='1953136'/>
  <pieceOfFurniture name='lombardyPoplar (1)' model='10/lombardyPoplar.obj' x='1813.3208' y='1300.99' width='149.10376' depth='123.64929' height='110.0' modelSize='1953136'/>
  <pieceOfFurniture name='weepingWillow (1)' model='6/weepingWillow.obj' x='1631.9711' y='1508.3776' width='132.70984' depth='140.78522' height='250.0' modelSize='8343419'/>
  <pieceOfFurniture name='weepingWillow (1)' model='6/weepingWillow.obj' x='1274.2585' y='478.5592' width='132.70984' depth='140.78522' height='250.0' modelSize='8343419'/>
  <pieceOfFurniture name='weepingWillow (1)' model='6/weepingWillow.obj' x='1449.6685' y='1548.1876' width='132.70984' depth='140.78522' height='250.0' modelSize='8343419'/>
  <pieceOfFurniture name='weepingWillow (1)' model='6/weepingWillow.obj' x='1812.5851' y='1684.812' width='132.70984' depth='140.78522' height='250.0' modelSize='8343419'/>
  <pieceOfFurniture name='weepingWillow (1)' model='6/weepingWillow.obj' x='1896.1742' y='1112.2263' width='132.70984' depth='140.78522' height='250.0' modelSize='8343419'/>
  <pieceOfFurniture name='weepingWillow (1)' model='6/weepingWillow.obj' x='2142.7622' y='1082.97' width='132.70984' depth='140.78522' height='250.0' modelSize='8343419'/>
  <pieceOfFurniture name='weepingWillow (1)' model='6/weepingWillow.obj' x='1484.6409' y='611.9724' width='132.70984' depth='140.78522' height='250.0' modelSize='8343419'/>
  <pieceOfFurniture name='fanPalm (1)' model='2/fanPalm.obj' x='2030.6433' y='799.87976' width='126.43823' depth='147.56516' depthInPlan='147.56514' height='160.0' modelSize='828361'/>
  <pieceOfFurniture name='fanPalm (1)' model='2/fanPalm.obj' x='2101.1145' y='414.95468' width='126.43823' depth='147.56516' height='11.0' modelSize='828361'/>
  <pieceOfFurniture name='fanPalm (1)' model='2/fanPalm.obj' x='2138.7297' y='816.1826' width='126.43823' depth='147.56516' depthInPlan='147.56514' height='160.0' modelSize='828361'/>
  <pieceOfFurniture name='weepingWillow (1)' model='6/weepingWillow.obj' x='2070.8145' y='555.46094' width='132.70984' depth='140.78522' height='250.0' modelSize='8343419'/>
  <pieceOfFurniture name='fanPalm (1)' model='2/fanPalm.obj' x='2141.1152' y='682.2421' width='126.43823' depth='147.56516' depthInPlan='147.56514' height='160.0' modelSize='828361'/>
  <pieceOfFurniture name='weepingWillow (1)' model='6/weepingWillow.obj' x='2589.0671' y='304.69348' width='132.70984' depth='140.78522' height='250.0' modelSize='8343419'/>
  <pieceOfFurniture name='fanPalm (1)' model='2/fanPalm.obj' x='1915.7966' y='841.7844' width='126.43823' depth='147.56516' depthInPlan='147.56514' height='160.0' modelSize='828361'/>
  <pieceOfFurniture name='weepingWillow (1)' model='6/weepingWillow.obj' x='2719.5276' y='301.41122' width='132.70984' depth='140.78522' height='250.0' modelSize='8343419'/>
  <pieceOfFurniture name='fanPalm (1)' model='2/fanPalm.obj' x='2720.5715' y='457.64642' width='126.43823' depth='147.56516' depthInPlan='147.56514' height='160.0' modelSize='828361'/>
  <pieceOfFurniture name='fanPalm (1)' model='2/fanPalm.obj' x='2665.3413' y='588.10693' width='126.43823' depth='147.56516' depthInPlan='147.56514' height='160.0' modelSize='828361'/>
  <pieceOfFurniture name='fanPalm (1)' model='2/fanPalm.obj' x='2545.0342' y='651.69617' width='126.43823' depth='147.56516' depthInPlan='147.56514' height='160.0' modelSize='828361'/>
  <pieceOfFurniture name='fanPalm (1)' model='2/fanPalm.obj' x='2418.7532' y='694.9785' width='126.43823' depth='147.56516' depthInPlan='147.56514' height='160.0' modelSize='828361'/>
  <pieceOfFurniture name='fanPalm (1)' model='2/fanPalm.obj' x='2568.3167' y='447.49304' width='126.43823' depth='147.56516' depthInPlan='147.56514' height='160.0' modelSize='828361'/>
  <pieceOfFurniture name='fanPalm (1)' model='2/fanPalm.obj' x='2393.6765' y='573.7739' width='126.43823' depth='147.56516' depthInPlan='147.56514' height='160.0' modelSize='828361'/>
  <pieceOfFurniture name='weepingWillow (1)' model='6/weepingWillow.obj' x='2446.0686' y='307.9756' width='132.70984' depth='140.78522' height='250.0' modelSize='8343419'/>
  <pieceOfFurniture name='lombardyPoplar (1)' model='10/lombardyPoplar.obj' x='2030.134' y='691.2342' width='149.10376' depth='123.64929' height='110.0' modelSize='1953136'/>
  <pieceOfFurniture name='weepingWillow (1)' model='6/weepingWillow.obj' x='2413.53' y='459.3335' width='132.70984' depth='140.78522' height='250.0' modelSize='8343419'/>
  <pieceOfFurniture catalogId='Blend Swap CC-BY#wheelchair' name='Silla de ruedas' creator='Bgamage' model='20/wheelchair.obj' x='566.5014' y='1814.2515' angle='4.7162848' width='100.0' depth='100.0' height='70.0' modelSize='2280184'/>
  <pieceOfFurniture name='A - EKBACKEN Light grey' creator='https://www.composant-dynamique.com/' model='22/EKBACKEN%20Light%20grey%20stone%20effect.obj' x='2274.3977' y='657.8582' angle='5.8689175' width='138.7429' widthInPlan='138.74292' depth='343.13205' height='0.1' heightInPlan='0.10000001' modelSize='75938'>
    <texture name='Piedras redondeadas blancas y negras' creator='Scopia' catalogId='eTeksScopia#black-and-white-stones' width='50.0' height='50.0' image='23'/>
  </pieceOfFurniture>
  <pieceOfFurniture name='fanPalm (1)' model='2/fanPalm.obj' x='2030.6433' y='797.4387' width='126.43823' depth='147.56516' depthInPlan='147.56514' height='160.0' modelSize='828361'/>
  <pieceOfFurniture name='fanPalm (1)' model='2/fanPalm.obj' x='2143.6118' y='811.3005' width='126.43823' depth='147.56516' depthInPlan='147.56514' height='160.0' modelSize='828361'/>
  <pieceOfFurniture catalogId='Snduc#boiteMetal' name='Lata' creator='Snduc' model='25' x='2862.9966' y='151.86743' width='21.328613' depth='20.414444' height='11.2' modelSize='116831'/>
  <wall id='wall0' wallAtStart='wall8' wallAtEnd='wall1' xStart='1761.6116' yStart='84.67363' xEnd='2944.8118' yEnd='75.87361' height='10.0' thickness='5.0' pattern='hatchUp'/>
  <wall id='wall1' wallAtStart='wall0' wallAtEnd='wall2' xStart='2944.8118' yStart='75.87361' xEnd='2944.8118' yEnd='861.17236' height='10.0' thickness='5.0' pattern='hatchUp'/>
  <wall id='wall2' wallAtStart='wall1' wallAtEnd='wall3' xStart='2944.8118' yStart='861.17236' xEnd='2651.2595' yEnd='865.8092' height='5.0' thickness='5.0' pattern='hatchUp'/>
  <wall id='wall3' wallAtStart='wall2' xStart='2651.2595' yStart='865.8092' xEnd='2515.5708' yEnd='931.1736' height='5.0' thickness='5.0' pattern='hatchUp'/>
  <wall id='wall4' wallAtEnd='wall5' xStart='2247.4336' yStart='1024.009' xEnd='1685.4081' yEnd='1040.6616' height='70.0' thickness='15.0' pattern='hatchUp'>
    <texture attribute='leftSideTexture' name='Ladrillos rojos' creator='Scopia' catalogId='eTeksScopia#red-bricks-wall' width='100.0' height='100.0' image='26'/>
    <texture attribute='rightSideTexture' name='Ladrillos rojos' creator='Scopia' catalogId='eTeksScopia#red-bricks-wall' width='100.0' height='100.0' image='26'/>
  </wall>
  <wall id='wall5' wallAtStart='wall4' wallAtEnd='wall6' xStart='1685.4081' yStart='1040.6616' xEnd='1622.9608' yEnd='1232.1666' height='70.0' thickness='15.0' pattern='hatchUp'>
    <texture attribute='leftSideTexture' name='Ladrillos rojos' creator='Scopia' catalogId='eTeksScopia#red-bricks-wall' width='100.0' height='100.0' image='26'/>
    <texture attribute='rightSideTexture' name='Ladrillos rojos' creator='Scopia' catalogId='eTeksScopia#red-bricks-wall' width='100.0' height='100.0' image='26'/>
  </wall>
  <wall id='wall6' wallAtStart='wall5' wallAtEnd='wall7' xStart='1622.9608' yStart='1232.1666' xEnd='1554.5303' yEnd='1318.9092' height='70.0' thickness='15.0' pattern='hatchUp'>
    <texture attribute='leftSideTexture' name='Ladrillos rojos' creator='Scopia' catalogId='eTeksScopia#red-bricks-wall' width='100.0' height='100.0' image='26'/>
    <texture attribute='rightSideTexture' name='Ladrillos rojos' creator='Scopia' catalogId='eTeksScopia#red-bricks-wall' width='100.0' height='100.0' image='26'/>
  </wall>
  <wall id='wall7' wallAtStart='wall6' wallAtEnd='wall63' xStart='1554.5303' yStart='1318.9092' xEnd='1470.9226' yEnd='1449.3566' height='70.0' thickness='15.0' pattern='hatchUp'>
    <texture attribute='leftSideTexture' name='Ladrillos rojos' creator='Scopia' catalogId='eTeksScopia#red-bricks-wall' width='100.0' height='100.0' image='26'/>
    <texture attribute='rightSideTexture' name='Ladrillos rojos' creator='Scopia' catalogId='eTeksScopia#red-bricks-wall' width='100.0' height='100.0' image='26'/>
  </wall>
  <wall id='wall8' wallAtStart='wall0' wallAtEnd='wall9' xStart='1761.6116' yStart='84.67363' xEnd='1799.2748' yEnd='247.66077' height='100.0' thickness='15.0' pattern='hatchUp'>
    <texture attribute='leftSideTexture' name='Ladrillos rojos' creator='Scopia' catalogId='eTeksScopia#red-bricks-wall' width='100.0' height='100.0' image='26'/>
    <texture attribute='rightSideTexture' name='Ladrillos rojos' creator='Scopia' catalogId='eTeksScopia#red-bricks-wall' width='100.0' height='100.0' image='26'/>
  </wall>
  <wall id='wall9' wallAtStart='wall8' wallAtEnd='wall10' xStart='1799.2748' yStart='247.66077' xEnd='1917.8083' yEnd='274.4264' height='100.0' thickness='15.0' pattern='hatchUp'>
    <texture attribute='leftSideTexture' name='Ladrillos rojos' creator='Scopia' catalogId='eTeksScopia#red-bricks-wall' width='100.0' height='100.0' image='26'/>
    <texture attribute='rightSideTexture' name='Ladrillos rojos' creator='Scopia' catalogId='eTeksScopia#red-bricks-wall' width='100.0' height='100.0' image='26'/>
  </wall>
  <wall id='wall10' wallAtStart='wall9' wallAtEnd='wall11' xStart='1917.8083' yStart='274.4264' xEnd='1913.9846' yEnd='408.25452' height='100.0' thickness='15.0' pattern='hatchUp'>
    <texture attribute='leftSideTexture' name='Ladrillos rojos' creator='Scopia' catalogId='eTeksScopia#red-bricks-wall' width='100.0' height='100.0' image='26'/>
    <texture attribute='rightSideTexture' name='Ladrillos rojos' creator='Scopia' catalogId='eTeksScopia#red-bricks-wall' width='100.0' height='100.0' image='26'/>
  </wall>
  <wall id='wall11' wallAtStart='wall10' wallAtEnd='wall12' xStart='1913.9846' yStart='408.25452' xEnd='1894.8665' yEnd='511.4934' height='100.0' thickness='15.0' pattern='hatchUp'>
    <texture attribute='leftSideTexture' name='Ladrillos rojos' creator='Scopia' catalogId='eTeksScopia#red-bricks-wall' width='100.0' height='100.0' image='26'/>
    <texture attribute='rightSideTexture' name='Ladrillos rojos' creator='Scopia' catalogId='eTeksScopia#red-bricks-wall' width='100.0' height='100.0' image='26'/>
  </wall>
  <wall id='wall12' wallAtStart='wall11' wallAtEnd='wall13' xStart='1894.8665' yStart='511.4934' xEnd='1837.5115' yEnd='679.7345' height='100.0' thickness='15.0' pattern='hatchUp'>
    <texture attribute='leftSideTexture' name='Ladrillos rojos' creator='Scopia' catalogId='eTeksScopia#red-bricks-wall' width='100.0' height='100.0' image='26'/>
    <texture attribute='rightSideTexture' name='Ladrillos rojos' creator='Scopia' catalogId='eTeksScopia#red-bricks-wall' width='100.0' height='100.0' image='26'/>
  </wall>
  <wall id='wall13' wallAtStart='wall12' wallAtEnd='wall14' xStart='1837.5115' yStart='679.7345' xEnd='1665.4467' yEnd='794.44434' height='100.0' thickness='15.0' pattern='hatchUp'>
    <texture attribute='leftSideTexture' name='Ladrillos rojos' creator='Scopia' catalogId='eTeksScopia#red-bricks-wall' width='100.0' height='100.0' image='26'/>
    <texture attribute='rightSideTexture' name='Ladrillos rojos' creator='Scopia' catalogId='eTeksScopia#red-bricks-wall' width='100.0' height='100.0' image='26'/>
  </wall>
  <wall id='wall14' wallAtStart='wall13' wallAtEnd='wall15' xStart='1665.4467' yStart='794.44434' xEnd='1479.2292' yEnd='685.84216' height='100.0' thickness='15.0' pattern='hatchUp'>
    <texture attribute='leftSideTexture' name='Ladrillos rojos' creator='Scopia' catalogId='eTeksScopia#red-bricks-wall' width='100.0' height='100.0' image='26'/>
    <texture attribute='rightSideTexture' name='Ladrillos rojos' creator='Scopia' catalogId='eTeksScopia#red-bricks-wall' width='100.0' height='100.0' image='26'/>
  </wall>
  <wall id='wall15' wallAtStart='wall14' xStart='1479.2292' yStart='685.84216' xEnd='1197.0612' yEnd='667.9956' height='100.0' thickness='15.0' pattern='hatchUp'>
    <texture attribute='leftSideTexture' name='Ladrillos rojos' creator='Scopia' catalogId='eTeksScopia#red-bricks-wall' width='100.0' height='100.0' image='26'/>
    <texture attribute='rightSideTexture' name='Ladrillos rojos' creator='Scopia' catalogId='eTeksScopia#red-bricks-wall' width='100.0' height='100.0' image='26'/>
  </wall>
  <wall id='wall16' wallAtStart='wall71' wallAtEnd='wall17' xStart='771.20245' yStart='912.9811' xEnd='694.23676' yEnd='1150.0448' height='50.0' thickness='15.0' pattern='hatchUp'>
    <texture attribute='leftSideTexture' name='Ladrillos rojos' creator='Scopia' catalogId='eTeksScopia#red-bricks-wall' width='100.0' height='100.0' image='26'/>
    <texture attribute='rightSideTexture' name='Ladrillos rojos' creator='Scopia' catalogId='eTeksScopia#red-bricks-wall' width='100.0' height='100.0' image='26'/>
  </wall>
  <wall id='wall17' wallAtStart='wall16' wallAtEnd='wall18' xStart='694.23676' yStart='1150.0448' xEnd='698.06036' yEnd='1283.8729' height='50.0' thickness='15.0' pattern='hatchUp'>
    <texture attribute='leftSideTexture' name='Ladrillos rojos' creator='Scopia' catalogId='eTeksScopia#red-bricks-wall' width='100.0' height='100.0' image='26'/>
    <texture attribute='rightSideTexture' name='Ladrillos rojos' creator='Scopia' catalogId='eTeksScopia#red-bricks-wall' width='100.0' height='100.0' image='26'/>
  </wall>
  <wall id='wall18' wallAtStart='wall17' wallAtEnd='wall19' xStart='698.06036' yStart='1283.8729' xEnd='698.06036' yEnd='1398.5828' height='50.0' thickness='15.0' pattern='hatchUp'>
    <texture attribute='leftSideTexture' name='Ladrillos rojos' creator='Scopia' catalogId='eTeksScopia#red-bricks-wall' width='100.0' height='100.0' image='26'/>
    <texture attribute='rightSideTexture' name='Ladrillos rojos' creator='Scopia' catalogId='eTeksScopia#red-bricks-wall' width='100.0' height='100.0' image='26'/>
  </wall>
  <wall id='wall19' wallAtStart='wall18' wallAtEnd='wall20' xStart='698.06036' yStart='1398.5828' xEnd='751.5917' yEnd='1452.114' height='50.0' thickness='15.0' pattern='hatchUp'>
    <texture attribute='leftSideTexture' name='Ladrillos rojos' creator='Scopia' catalogId='eTeksScopia#red-bricks-wall' width='100.0' height='100.0' image='26'/>
    <texture attribute='rightSideTexture' name='Ladrillos rojos' creator='Scopia' catalogId='eTeksScopia#red-bricks-wall' width='100.0' height='100.0' image='26'/>
  </wall>
  <wall id='wall20' wallAtStart='wall19' wallAtEnd='wall21' xStart='751.5917' yStart='1452.114' xEnd='812.7702' yEnd='1517.1163' height='50.0' thickness='15.0' pattern='hatchUp'>
    <texture attribute='leftSideTexture' name='Ladrillos rojos' creator='Scopia' catalogId='eTeksScopia#red-bricks-wall' width='100.0' height='100.0' image='26'/>
    <texture attribute='rightSideTexture' name='Ladrillos rojos' creator='Scopia' catalogId='eTeksScopia#red-bricks-wall' width='100.0' height='100.0' image='26'/>
  </wall>
  <wall id='wall21' wallAtStart='wall20' xStart='812.7702' yStart='1517.1163' xEnd='923.6564' yEnd='1608.8842' height='50.0' thickness='15.0' pattern='hatchUp'>
    <texture attribute='leftSideTexture' name='Ladrillos rojos' creator='Scopia' catalogId='eTeksScopia#red-bricks-wall' width='100.0' height='100.0' image='26'/>
    <texture attribute='rightSideTexture' name='Ladrillos rojos' creator='Scopia' catalogId='eTeksScopia#red-bricks-wall' width='100.0' height='100.0' image='26'/>
  </wall>
  <wall id='wall22' wallAtStart='wall72' wallAtEnd='wall23' xStart='1059.4458' yStart='824.24347' xEnd='896.89075' yEnd='977.9801' height='40.0' thickness='5.0' pattern='hatchUp'>
    <texture attribute='leftSideTexture' name='Ladrillos rojos' creator='Scopia' catalogId='eTeksScopia#red-bricks-wall' width='100.0' height='100.0' image='26'/>
    <texture attribute='rightSideTexture' name='Ladrillos rojos' creator='Scopia' catalogId='eTeksScopia#red-bricks-wall' width='100.0' height='100.0' image='26'/>
  </wall>
  <wall id='wall23' wallAtStart='wall22' wallAtEnd='wall24' xStart='896.89075' yStart='977.9801' xEnd='828.0648' yEnd='1260.931' height='40.0' thickness='5.0' pattern='hatchUp'>
    <texture attribute='leftSideTexture' name='Ladrillos rojos' creator='Scopia' catalogId='eTeksScopia#red-bricks-wall' width='100.0' height='100.0' image='26'/>
    <texture attribute='rightSideTexture' name='Ladrillos rojos' creator='Scopia' catalogId='eTeksScopia#red-bricks-wall' width='100.0' height='100.0' image='26'/>
  </wall>
  <wall id='wall24' wallAtStart='wall23' wallAtEnd='wall25' xStart='828.0648' yStart='1260.931' xEnd='854.83044' yEnd='1314.4623' height='40.0' thickness='5.0' pattern='hatchUp'>
    <texture attribute='leftSideTexture' name='Ladrillos rojos' creator='Scopia' catalogId='eTeksScopia#red-bricks-wall' width='100.0' height='100.0' image='26'/>
    <texture attribute='rightSideTexture' name='Ladrillos rojos' creator='Scopia' catalogId='eTeksScopia#red-bricks-wall' width='100.0' height='100.0' image='26'/>
  </wall>
  <wall id='wall25' wallAtStart='wall24' wallAtEnd='wall26' xStart='854.83044' yStart='1314.4623' xEnd='923.6564' yEnd='1387.1118' height='40.0' thickness='5.0' pattern='hatchUp'>
    <texture attribute='leftSideTexture' name='Ladrillos rojos' creator='Scopia' catalogId='eTeksScopia#red-bricks-wall' width='100.0' height='100.0' image='26'/>
    <texture attribute='rightSideTexture' name='Ladrillos rojos' creator='Scopia' catalogId='eTeksScopia#red-bricks-wall' width='100.0' height='100.0' image='26'/>
  </wall>
  <wall id='wall26' wallAtStart='wall25' wallAtEnd='wall27' xStart='923.6564' yStart='1387.1118' xEnd='996.3059' yEnd='1459.7614' height='40.0' thickness='5.0' pattern='hatchUp'>
    <texture attribute='leftSideTexture' name='Ladrillos rojos' creator='Scopia' catalogId='eTeksScopia#red-bricks-wall' width='100.0' height='100.0' image='26'/>
    <texture attribute='rightSideTexture' name='Ladrillos rojos' creator='Scopia' catalogId='eTeksScopia#red-bricks-wall' width='100.0' height='100.0' image='26'/>
  </wall>
  <wall id='wall27' wallAtStart='wall26' wallAtEnd='wall28' xStart='996.3059' yStart='1459.7614' xEnd='1137.7814' yEnd='1452.114' height='40.0' thickness='5.0' pattern='hatchUp'>
    <texture attribute='leftSideTexture' name='Ladrillos rojos' creator='Scopia' catalogId='eTeksScopia#red-bricks-wall' width='100.0' height='100.0' image='26'/>
    <texture attribute='rightSideTexture' name='Ladrillos rojos' creator='Scopia' catalogId='eTeksScopia#red-bricks-wall' width='100.0' height='100.0' image='26'/>
  </wall>
  <wall id='wall28' wallAtStart='wall27' wallAtEnd='wall29' xStart='1137.7814' yStart='1452.114' xEnd='1301.6224' yEnd='1329.5461' height='40.0' thickness='5.0' pattern='hatchUp'>
    <texture attribute='leftSideTexture' name='Ladrillos rojos' creator='Scopia' catalogId='eTeksScopia#red-bricks-wall' width='100.0' height='100.0' image='26'/>
    <texture attribute='rightSideTexture' name='Ladrillos rojos' creator='Scopia' catalogId='eTeksScopia#red-bricks-wall' width='100.0' height='100.0' image='26'/>
  </wall>
  <wall id='wall29' wallAtStart='wall28' wallAtEnd='wall30' xStart='1301.6224' yStart='1329.5461' xEnd='1427.8033' yEnd='1211.0127' height='40.0' thickness='5.0' pattern='hatchUp'>
    <texture attribute='leftSideTexture' name='Ladrillos rojos' creator='Scopia' catalogId='eTeksScopia#red-bricks-wall' width='100.0' height='100.0' image='26'/>
    <texture attribute='rightSideTexture' name='Ladrillos rojos' creator='Scopia' catalogId='eTeksScopia#red-bricks-wall' width='100.0' height='100.0' image='26'/>
  </wall>
  <wall id='wall30' wallAtStart='wall29' wallAtEnd='wall31' xStart='1427.8033' yStart='1211.0127' xEnd='1458.969' yEnd='1180.6342' height='40.0' thickness='5.0' pattern='hatchUp'>
    <texture attribute='leftSideTexture' name='Ladrillos rojos' creator='Scopia' catalogId='eTeksScopia#red-bricks-wall' width='100.0' height='100.0' image='26'/>
    <texture attribute='rightSideTexture' name='Ladrillos rojos' creator='Scopia' catalogId='eTeksScopia#red-bricks-wall' width='100.0' height='100.0' image='26'/>
  </wall>
  <wall id='wall31' wallAtStart='wall30' wallAtEnd='wall32' xStart='1458.969' yStart='1180.6342' xEnd='1462.7926' yEnd='1100.3373' height='40.0' thickness='5.0' pattern='hatchUp'>
    <texture attribute='leftSideTexture' name='Ladrillos rojos' creator='Scopia' catalogId='eTeksScopia#red-bricks-wall' width='100.0' height='100.0' image='26'/>
    <texture attribute='rightSideTexture' name='Ladrillos rojos' creator='Scopia' catalogId='eTeksScopia#red-bricks-wall' width='100.0' height='100.0' image='26'/>
  </wall>
  <wall id='wall32' wallAtStart='wall31' wallAtEnd='wall33' xStart='1462.7926' yStart='1100.3373' xEnd='1470.44' yEnd='1000.922' height='40.0' thickness='5.0' pattern='hatchUp'>
    <texture attribute='leftSideTexture' name='Ladrillos rojos' creator='Scopia' catalogId='eTeksScopia#red-bricks-wall' width='100.0' height='100.0' image='26'/>
    <texture attribute='rightSideTexture' name='Ladrillos rojos' creator='Scopia' catalogId='eTeksScopia#red-bricks-wall' width='100.0' height='100.0' image='26'/>
  </wall>
  <wall id='wall33' wallAtStart='wall32' wallAtEnd='wall34' xStart='1470.44' yStart='1000.922' xEnd='1474.2637' yEnd='909.1542' height='40.0' thickness='5.0' pattern='hatchUp'>
    <texture attribute='leftSideTexture' name='Ladrillos rojos' creator='Scopia' catalogId='eTeksScopia#red-bricks-wall' width='100.0' height='100.0' image='26'/>
    <texture attribute='rightSideTexture' name='Ladrillos rojos' creator='Scopia' catalogId='eTeksScopia#red-bricks-wall' width='100.0' height='100.0' image='26'/>
  </wall>
  <wall id='wall34' wallAtStart='wall33' wallAtEnd='wall35' xStart='1474.2637' yStart='909.1542' xEnd='1401.614' yEnd='832.6809' height='40.0' thickness='5.0' pattern='hatchUp'>
    <texture attribute='leftSideTexture' name='Ladrillos rojos' creator='Scopia' catalogId='eTeksScopia#red-bricks-wall' width='100.0' height='100.0' image='26'/>
    <texture attribute='rightSideTexture' name='Ladrillos rojos' creator='Scopia' catalogId='eTeksScopia#red-bricks-wall' width='100.0' height='100.0' image='26'/>
  </wall>
  <wall id='wall35' wallAtStart='wall34' wallAtEnd='wall36' xStart='1401.614' yStart='832.6809' xEnd='1361.959' yEnd='804.02075' height='40.0' thickness='5.0' pattern='hatchUp'>
    <texture attribute='leftSideTexture' name='Ladrillos rojos' creator='Scopia' catalogId='eTeksScopia#red-bricks-wall' width='100.0' height='100.0' image='26'/>
    <texture attribute='rightSideTexture' name='Ladrillos rojos' creator='Scopia' catalogId='eTeksScopia#red-bricks-wall' width='100.0' height='100.0' image='26'/>
  </wall>
  <wall id='wall36' wallAtStart='wall35' xStart='1361.959' yStart='804.02075' xEnd='1245.4001' yEnd='799.13196' height='40.0' thickness='5.0' pattern='hatchUp'>
    <texture attribute='leftSideTexture' name='Ladrillos rojos' creator='Scopia' catalogId='eTeksScopia#red-bricks-wall' width='100.0' height='100.0' image='26'/>
    <texture attribute='rightSideTexture' name='Ladrillos rojos' creator='Scopia' catalogId='eTeksScopia#red-bricks-wall' width='100.0' height='100.0' image='26'/>
  </wall>
  <wall id='wall37' wallAtStart='wall47' wallAtEnd='wall38' xStart='2166.4014' yStart='223.24557' xEnd='2790.7256' yEnd='218.7103' height='10.0' thickness='5.0' pattern='hatchUp'/>
  <wall id='wall38' wallAtStart='wall37' wallAtEnd='wall39' xStart='2790.7256' yStart='218.7103' xEnd='2785.7793' yEnd='587.9666' height='10.0' thickness='5.0' pattern='hatchUp'/>
  <wall id='wall39' wallAtStart='wall38' wallAtEnd='wall40' xStart='2785.7793' yStart='587.9666' xEnd='2263.271' yEnd='876.0742' height='10.0' thickness='5.0' pattern='hatchUp'/>
  <wall id='wall40' wallAtStart='wall39' wallAtEnd='wall41' xStart='2263.271' yStart='876.0742' xEnd='1703.6833' yEnd='897.6832' height='5.0' thickness='5.0' pattern='hatchUp'/>
  <wall id='wall41' wallAtStart='wall40' wallAtEnd='wall42' xStart='1703.6833' yStart='897.6832' xEnd='1868.1008' yEnd='802.0917' height='10.0' thickness='5.0' pattern='hatchUp'/>
  <wall id='wall42' wallAtStart='wall41' wallAtEnd='wall43' xStart='1868.1008' yStart='802.0917' xEnd='1933.103' yEnd='729.4421' height='5.0' thickness='5.0' pattern='hatchUp'/>
  <wall id='wall43' wallAtStart='wall42' wallAtEnd='wall44' xStart='1933.103' yStart='729.4421' xEnd='1978.9868' yEnd='645.32153' height='10.0' thickness='5.0' pattern='hatchUp'/>
  <wall id='wall44' wallAtStart='wall43' wallAtEnd='wall45' xStart='1978.9868' yStart='645.32153' xEnd='2036.3418' yEnd='404.43085' height='10.0' thickness='5.0' pattern='hatchUp'/>
  <wall id='wall45' wallAtStart='wall44' wallAtEnd='wall46' xStart='2036.3418' yStart='404.43085' xEnd='2074.5784' yEnd='320.31033' height='10.0' thickness='5.0' pattern='hatchUp'/>
  <wall id='wall46' wallAtStart='wall45' wallAtEnd='wall65' xStart='2074.5784' yStart='320.31033' xEnd='2105.1677' yEnd='259.13174' height='5.0' thickness='5.0' pattern='hatchUp'/>
  <wall id='wall47' wallAtStart='wall66' wallAtEnd='wall37' xStart='2164.7727' yStart='224.71881' xEnd='2166.4014' yEnd='223.24557' height='5.0' thickness='5.0' pattern='hatchUp'/>
  <wall id='wall48' xStart='1294.9675' yStart='1593.3691' xEnd='1189.6182' yEnd='1647.9556' height='70.0' thickness='15.0' pattern='hatchUp'>
    <texture attribute='leftSideTexture' name='Ladrillos rojos' creator='Scopia' catalogId='eTeksScopia#red-bricks-wall' width='100.0' height='100.0' image='26'/>
    <texture attribute='rightSideTexture' name='Ladrillos rojos' creator='Scopia' catalogId='eTeksScopia#red-bricks-wall' width='100.0' height='100.0' image='26'/>
  </wall>
  <wall id='wall49' wallAtEnd='wall50' xStart='1140.5554' yStart='1745.1128' xEnd='2571.6543' yEnd='1754.1833' height='10.0' thickness='5.0' pattern='hatchUp'/>
  <wall id='wall50' wallAtStart='wall49' xStart='2571.6543' yStart='1754.1833' xEnd='2521.9468' yEnd='1547.7056' height='10.0' thickness='5.0' pattern='hatchUp'/>
  <wall id='wall51' wallAtEnd='wall52' xStart='2697.8352' yStart='1475.056' xEnd='2816.3687' yEnd='1861.2458' height='10.0' thickness='5.0' pattern='hatchUp'/>
  <wall id='wall52' wallAtStart='wall51' wallAtEnd='wall53' xStart='2816.3687' yStart='1861.2458' xEnd='2686.3643' yEnd='1899.4824' height='10.0' thickness='5.0' pattern='hatchUp'/>
  <wall id='wall53' wallAtStart='wall52' wallAtEnd='wall54' xStart='2686.3643' yStart='1899.4824' xEnd='483.93536' yEnd='1888.3672' height='10.0' thickness='5.0' pattern='hatchUp'/>
  <wall id='wall54' wallAtStart='wall53' wallAtEnd='wall55' xStart='483.93536' yStart='1888.3672' xEnd='483.93527' yEnd='75.9518' height='10.0' thickness='5.0' pattern='hatchUp'/>
  <wall id='wall55' wallAtStart='wall54' wallAtEnd='wall56' xStart='483.93527' yStart='75.9518' xEnd='1271.6096' yEnd='71.772354' height='10.0' thickness='5.0' pattern='hatchUp'/>
  <wall id='wall56' wallAtStart='wall55' xStart='1271.6096' yStart='71.772354' xEnd='1263.9623' yEnd='236.18979' height='100.0' thickness='15.0' pattern='hatchUp'>
    <texture attribute='leftSideTexture' name='Ladrillos rojos' creator='Scopia' catalogId='eTeksScopia#red-bricks-wall' width='100.0' height='100.0' image='26'/>
    <texture attribute='rightSideTexture' name='Ladrillos rojos' creator='Scopia' catalogId='eTeksScopia#red-bricks-wall' width='100.0' height='100.0' image='26'/>
  </wall>
  <wall id='wall57' wallAtEnd='wall58' xStart='1263.4' yStart='230.00867' xEnd='1215.7006' yEnd='335.60498' height='100.0' thickness='15.0' pattern='hatchUp'>
    <texture attribute='leftSideTexture' name='Ladrillos rojos' creator='Scopia' catalogId='eTeksScopia#red-bricks-wall' width='100.0' height='100.0' image='26'/>
    <texture attribute='rightSideTexture' name='Ladrillos rojos' creator='Scopia' catalogId='eTeksScopia#red-bricks-wall' width='100.0' height='100.0' image='26'/>
  </wall>
  <wall id='wall58' wallAtStart='wall57' wallAtEnd='wall59' xStart='1215.7006' yStart='335.60498' xEnd='1204.3638' yEnd='422.2318' height='100.0' thickness='15.0' pattern='hatchUp'>
    <texture attribute='leftSideTexture' name='Ladrillos rojos' creator='Scopia' catalogId='eTeksScopia#red-bricks-wall' width='100.0' height='100.0' image='26'/>
    <texture attribute='rightSideTexture' name='Ladrillos rojos' creator='Scopia' catalogId='eTeksScopia#red-bricks-wall' width='100.0' height='100.0' image='26'/>
  </wall>
  <wall id='wall59' wallAtStart='wall58' xStart='1204.3638' yStart='422.2318' xEnd='1210.5652' yEnd='670.7698' height='100.0' thickness='15.0' pattern='hatchUp'>
    <texture attribute='leftSideTexture' name='Ladrillos rojos' creator='Scopia' catalogId='eTeksScopia#red-bricks-wall' width='100.0' height='100.0' image='26'/>
    <texture attribute='rightSideTexture' name='Ladrillos rojos' creator='Scopia' catalogId='eTeksScopia#red-bricks-wall' width='100.0' height='100.0' image='26'/>
  </wall>
  <wall id='wall60' wallAtEnd='wall61' xStart='665.7082' yStart='1750.3596' xEnd='688.65015' yEnd='232.36612' height='10.0' thickness='5.0' pattern='hatchUp'/>
  <wall id='wall61' wallAtStart='wall60' wallAtEnd='wall62' xStart='688.65015' yStart='232.36612' xEnd='992.4823' yEnd='236.18979' height='5.0' thickness='5.0' pattern='hatchUp'/>
  <wall id='wall62' wallAtStart='wall61' wallAtEnd='wall73' xStart='992.4823' yStart='236.18979' xEnd='1068.9556' yEnd='293.5447' height='5.0' thickness='5.0' pattern='hatchUp'/>
  <wall id='wall63' wallAtStart='wall7' wallAtEnd='wall64' xStart='1470.9226' yStart='1449.3566' xEnd='1382.9424' yEnd='1522.2539' height='70.0' thickness='15.0' pattern='hatchUp'>
    <texture attribute='leftSideTexture' name='Ladrillos rojos' creator='Scopia' catalogId='eTeksScopia#red-bricks-wall' width='100.0' height='100.0' image='26'/>
    <texture attribute='rightSideTexture' name='Ladrillos rojos' creator='Scopia' catalogId='eTeksScopia#red-bricks-wall' width='100.0' height='100.0' image='26'/>
  </wall>
  <wall id='wall64' wallAtStart='wall63' xStart='1382.9424' yStart='1522.2539' xEnd='1293.5164' yEnd='1591.8513' height='70.0' thickness='15.0' pattern='hatchUp'>
    <texture attribute='leftSideTexture' name='Ladrillos rojos' creator='Scopia' catalogId='eTeksScopia#red-bricks-wall' width='100.0' height='100.0' image='26'/>
    <texture attribute='rightSideTexture' name='Ladrillos rojos' creator='Scopia' catalogId='eTeksScopia#red-bricks-wall' width='100.0' height='100.0' image='26'/>
  </wall>
  <wall id='wall65' wallAtStart='wall46' wallAtEnd='wall66' xStart='2105.1677' yStart='259.13174' xEnd='2150.2012' yEnd='233.13171' height='10.0' thickness='5.0' pattern='hatchUp'/>
  <wall id='wall66' wallAtStart='wall65' wallAtEnd='wall47' xStart='2150.2012' yStart='233.13171' xEnd='2164.7727' yEnd='224.71881' height='5.0' thickness='5.0' pattern='hatchUp'/>
  <wall id='wall67' wallAtEnd='wall68' xStart='4.293457' yStart='25.327845' xEnd='2992.6062' yEnd='33.68676' height='300.0' thickness='10.0' pattern='hatchUp'/>
  <wall id='wall68' wallAtStart='wall67' wallAtEnd='wall69' xStart='2992.6062' yStart='33.68676' xEnd='2963.3499' yEnd='1926.9813' height='300.0' thickness='10.0' pattern='hatchUp'/>
  <wall id='wall69' wallAtStart='wall68' wallAtEnd='wall70' xStart='2963.3499' yStart='1926.9813' xEnd='46.087997' yEnd='1926.9812' height='300.0' thickness='10.0' pattern='hatchUp'/>
  <wall id='wall70' wallAtStart='wall69' xStart='46.087997' yStart='1926.9812' xEnd='29.370209' yEnd='33.686745' height='300.0' thickness='10.0' pattern='hatchUp'/>
  <wall id='wall71' wallAtEnd='wall16' xStart='1053.6484' yStart='685.36615' xEnd='771.20245' yEnd='912.9811' height='50.0' thickness='15.0' pattern='hatchUp'>
    <texture attribute='leftSideTexture' name='Ladrillos rojos' creator='Scopia' catalogId='eTeksScopia#red-bricks-wall' width='100.0' height='100.0' image='26'/>
    <texture attribute='rightSideTexture' name='Ladrillos rojos' creator='Scopia' catalogId='eTeksScopia#red-bricks-wall' width='100.0' height='100.0' image='26'/>
  </wall>
  <wall id='wall72' wallAtEnd='wall22' xStart='1152.8915' yStart='801.2076' xEnd='1059.4458' yEnd='824.24347' height='40.0' thickness='5.0' pattern='hatchUp'>
    <texture attribute='leftSideTexture' name='Ladrillos rojos' creator='Scopia' catalogId='eTeksScopia#red-bricks-wall' width='100.0' height='100.0' image='26'/>
    <texture attribute='rightSideTexture' name='Ladrillos rojos' creator='Scopia' catalogId='eTeksScopia#red-bricks-wall' width='100.0' height='100.0' image='26'/>
  </wall>
  <wall id='wall73' wallAtStart='wall62' xStart='1068.9556' yStart='293.5447' xEnd='1053.1107' yEnd='687.196' height='50.0' thickness='15.0' pattern='hatchUp'>
    <texture attribute='leftSideTexture' name='Ladrillos rojos' creator='Scopia' catalogId='eTeksScopia#red-bricks-wall' width='100.0' height='100.0' image='26'/>
    <texture attribute='rightSideTexture' name='Ladrillos rojos' creator='Scopia' catalogId='eTeksScopia#red-bricks-wall' width='100.0' height='100.0' image='26'/>
  </wall>
  <wall id='wall74' xStart='483.93536' yStart='1892.5466' xEnd='483.93527' yEnd='80.13124' height='5.0' thickness='5.0' pattern='hatchUp'/>
  <wall id='wall75' xStart='1253.3972' yStart='798.5006' xEnd='1152.4786' yEnd='800.972' height='40.0' thickness='5.0' pattern='hatchUp'>
    <texture attribute='leftSideTexture' name='Ladrillos rojos' creator='Scopia' catalogId='eTeksScopia#red-bricks-wall' width='100.0' height='100.0' image='26'/>
    <texture attribute='rightSideTexture' name='Ladrillos rojos' creator='Scopia' catalogId='eTeksScopia#red-bricks-wall' width='100.0' height='100.0' image='26'/>
  </wall>
  <room areaVisible='true' areaAngle='3.8234713' areaXOffset='-406.7306' areaYOffset='594.4291' floorColor='FF636363' ceilingVisible='false'>
    <point x='45.978516' y='30.046715'/>
    <point x='3026.7954' y='46.699333'/>
    <point x='2997.6372' y='1936.8527'/>
    <point x='46.0437' y='1924.3466'/>
  </room>
</home>